Normal,Status
asing tinggal kayak efek seram ritel eui balas lihat dasar muda efek alias hijau copet merah atao hijau cuan kosong porto,Positif
balas sentimen hijau kuat mana lini hijau hasil menang guyur follow theoney,Positif
balas mohon cerah atur cl atao total modal atao modal trade ideal modal trade cuan target modal trade overall modal incar tp cuan pasti overall modal,Positif
haka jjta,Positif
balas volume tinggi volume candle hari atao volume tinggi transaksi transaksi tekan jual atao beli tambah correct salah,Positif
balas info rm alfius komisi pemuda uskup makasar mgr romo kor syukur korban jiwa umat sinyal wiseman valid ungu naik orange struktur volume oke sinyal wiseman valid formasi candle sinyal buy,Positif
balas kenal saham risky kecuali capital all in kat kenal tarik uptrend posisi mantap ma ma mantap support candle,Positif
mantap,Positif
balas ne maksud jebol mantap fibonacci,Positif
maksud ritel gambling beli lk prediksi lk profit lk profit naik tp masuk kriteria wb dapat loh beda dapat silah,Positif
day trading zero sum game cuan boncos beda cuan karena naik sebab hasil usaha cetak laba zero sum game orang pegang naik lk profit orang tarik shg naik harga,Positif
tarik chartnya apa lagi ri cuan njedog,Positif
balas kadang cl naik jadi komit target iseng beli tinggi haka naik turun jual naik fomo beli turun tahan maksud cl masuk tinggi tp plus,Positif
balas tp cl masuk kalah cepat average tinggi kadang cl naik jadi,Positif
balas persis pegang berita naik naik tinggi cuan lumayan saudara sampa pullback break ath naik ikut kerja laku kerja positif,Positif
potensi ssp,Positif
balas dividen cari duit kupon obligasi bayar persis pegang berita naik naik tinggi cuan lumayan saudara target tinggal amblas dividen kabur bagus ngaruh sorry pribadi beda analisa kelar,Positif
balas barusan jadi dirut tarik orang investor bijak bagus hubung orang nurut untung naik tp dividen,Positif
potensi bikin hns,Positif
balas terimakasih insightnya garis ungu batas cl entry garis ungu sinyal buy candle,Positif
balas break volume tinggi masuk optimal entry spekulasi cicil dekat maw posisi market turun beda cari pivot entry uptrend flat base cnh atao rounding,Positif
balas hasil cuan balikin usaha,Positif
lanjut pamit belanja,Positif
ara wajib pantau berita media,Positif
balas berkat semenjak sharing alam dapat untung cuan salah take profit praktek modal grow,Positif
balas mantap set stoploss cutloss profit,Positif
balas beli analisa,Positif
habis cl cari ganti posisi triangle bo average down naik akumulasi asing kadang kedistract akumulasi asing versus support resis,Positif
balas ragu rakhmad tinggi uptrend topik average down average ragu average down harga naik duluan,Positif
balas case lanjur mantap turun bawah cl beli average up bottom bentuk hammer hijau volume bagus masuk,Positif
uptrend,Positif
balas average segitu closing average down mending tunggu konfirmasi naik average up,Positif
average down sd,Positif
average down capai toleransi cutloss oke koreksi ri koreksi average down oke turun reversal trend,Positif
roket,Positif
ayo mumpung libur wisata taman fresh,Positif
balas baca alam kaca alam pribadi rule nomor trading pasang stop loss tuju pasang stop loss tiap posisi upgrade to trailing stop take profit take profit stop loss lihat account grow atao,Positif
lirik,Positif
covid potensi loss habis balik profit angkat jempol,Positif
balas pantau lihat bagus tunggu konfirmasi koreksi salah masuk bentuk mjolnir hijau volume bagus thank you remindernya eko bawono wujud cup cantik,Positif
beli buy tutup angka lancar,Positif
balas pantau lihat bagus tunggu konfirmasi koreksi salah,Positif
ijin bagi analisa buy pasuk arena tahan bawah fibonacci atao area sell signal eko lanjut naik atao turun dekat manya ma colek gas tunggu area ma,Positif
balas history garis hitam potensi break weakly cantik candle,Positif
balas naik volume buy on weakness jalan lewat resistnya by body,Positif
tes garis support hijau hasil tahan support cicil beli break garis hitam average up,Positif
jebol resistance ath,Positif
terimakasih view indeks moga cuan njedog,Positif
ara grup jutha,Positif
balas mute asik dengar masak kode,Positif
goreng,Positif
balas haka muka beser haka,Positif
balas haka haka muka beser,Positif
balas swing low confirmed moga last chance to buy before start to tes moga yiha musim tanam,Positif
balas resmi terima kasih bantu forecast swing low confirmed moga last chance to buy before start to tes,Positif
cakep,Positif
balas tp ritel lumayan serok cuan,Positif
balas htf konfirmasi naik tinggi volume tinggi,Positif
hijau gin ramai gilir merah diam,Positif
gerak,Positif
balas pasti lamar jabat level management msop esop mesop employee,Positif
balas sadar pasang gtc sadar heran tembus yes ihns shoulder bikin base,Positif
balas abaru minggu gerah sadar pasang gtc sadar heran tembus ihns,Positif
roket roket roket roket roket,Positif
balas yeay tembus,Positif
yeay tembus,Positif
balas salah tumpah piring sold barusan kena,Positif
jaya is back,Positif
kenyang airplane airplane airplane airplane,Positif
balas ampun rem blong moga ara kasi sangkut untung buru tp,Positif
ampun rem blong,Positif
balas sadis related pat wal police car private equity gitu kerja beli usaha babak bur cantik jual investasi sangkut akuisisi buma salah,Positif
banking rally sip tahan,Positif
serok arb roket roket,Positif
balas ingat cerita kd go private durian runtuh saham northstar untung habis placement michelin northstar aktif,Positif
balas lihat produk go private minim usaha go private pandemi gin cerita kaya jaga ketat bocor halus,Positif
lebih dilebihin atao,Positif
kali lipat beli xixixi,Positif
balas enak beli rp perak pasar xx cuan mesop,Positif
balas pasti lumayan goreng lipat lipat,Positif
enak beli rp perak pasar xx cuan,Positif
balas asing beli ri pintar beli disc pasar smart karyawan kasih beli disc pasar cuan dokumen lock up,Positif
asing beli ri pintar beli disc pasar smart,Positif
balas beli bilang pasti lumayan goreng lipat,Positif
dari tadi naik koreksi bentar bawa turun lumayan,Positif
balas segi saing atao bisnis bisnis akuisisi customer guna indonesia,Positif
balas takut moga jarang nongol nongol naik,Positif
balas beli bilang masuk msci jaga sevolatile,Positif
balas beli pbv update equity right issue pbv kit beli goreng harap goreng,Positif
balas beli pbv update equity right issue pbv kit beli bilang,Positif
balas jarang tahun emiten growth cepat all leading to momen ipo tarik chartnya erti perak banting cepat balas tuju saing segi saing atao bisnis,Positif
coba digital pakai peg pe eps growth balas telat tau orang naik beli jual tp fomo tp average do,Positif
balas lirik telat tau orang naik beli jual tp fomo tp average down lumayan,Positif
pantau all pandang oke,Positif
jarang tahun emiten growth cepat all leading to momen ipo blueprintnya eksekusi right issuenya sempurna sayang lewat dalam north boxes ticked,Positif
beli pbv update equity right issue pbv masuk kategori buku iii right issue equitynya capai masuk buku iv kira capai,Positif
haka moga masuk average kerek naik,Positif
aduh average masuk cuan salah,Positif
balas buto hijau cerah moga sangkut average down biar tinggi,Positif
kerek presscon battery holding market maker,Positif
prospektus tp,Positif
balas doa tawar mudah balik malaikat ara,Positif
tp,Positif
balas master spesialist master intel khong guan hijau lihat ticker peace salam cuan,Positif
balas nyambung direply orang naik maklum efforia,Positif
balas haka haka selamat cuan,Positif
balas naik tinggi isu isu distribusi salah vaksin salah naik kencang,Positif
balas naik tinggi isu aduh ri tp jadwal prediksi balas naik tinggi isu catat tutupnaik ara,Positif
balas serok prospek,Positif
serok,Positif
balas salah prediksi hs naik tinggi,Positif
balas cumdate to rti ma stockbit beda rti bom update kayak cumdate tanggal,Positif
balas dosa jual aduh untung ong terbang pakai jet pribadi balas bahagia serok malam serok,Positif
suara balas bahagia naik sangkut,Positif
balas biar teknikal mantap jebol resist,Positif
ara,Positif
sangkut bayar lunas hati tenang minus terima kasih sopir,Positif
roket,Positif
tahan sesi strong,Positif
nikel timah hijau tebal,Positif
balas target habis gby love cuan kotos kotos,Positif
balas spesialist mohon kasih masuk target habis gby love,Positif
moga tahan sana,Positif
bikin higher high sangkut,Positif
balas ara roket tik tok,Positif
ara roket,Positif
mantap ayo masuk tinggal,Positif
balas tulis master curiga tulis orang kali ketemu cici grogi salfok aja,Positif
balas ramai khusus orang sabar muncul komentar selling point nilai plus,Positif
potensi htf,Positif
balas calon htf tarik tp entry saran tunggu htfnya confirm,Positif
ara,Positif
balas oke htf base kuat apa gagal confirm pattern volume htf naik komentar semangat biar htf,Positif
haka,Positif
balas ara biar jebol resisten biar htf,Positif
balas volume mesti today konsolidasi volume rendah roket volume pasang buy all in stress,Positif
balas biar senyap oke ayo ayo feeling closing serok ayo ayo,Positif
dorong,Positif
mantap,Positif
balas capt phillips kaya insight saham naik,Positif
balas should be wise at current condition of market mean meenermini just wrote single notice that may be only cek twitternya minervini stupid cl habis saham terbang kelas minervini gain porto ytd alami,Positif
balas berita berita positif keluar salah emiten tanda akumulasi insider tp undang ritel beli,Positif
reminder hijau roket to moon hijau merah hati hati euforia dapat,Positif
balas peluang hijau coba tes crash lusa ultah bottom candlenya persis ultah bottom tahan history repeat itself hijau,Positif
balas breaking putus bagi rp triliun atao laba bersih dividen newsnya,Positif
balas binary option neka atao kerja chart deposit illegal,Negatif
balas binary option neka atao kerja chart deposit traffic data chart main profit trader loss trader main slippage requote,Negatif
balas binary option neka atao kerja chart deposit cepat miskin,Negatif
oke terima kasih binary option neka atao kerja chart deposit withdraw web kabar blokir situs terima kasih,Negatif
balas fix merah merah,Negatif
balas fix merah,Negatif
balas inti risiko loss risiko cuan cuan loss cari rapat minim kali cuan,Negatif
balas ideal modal trade cuan target modal trade overall modal kayak ngeri total loss down mental buku loss,Negatif
balas mohon dapat mula average down ketik gantung plan cemplung porsi jebol support bagus sl average down support,Negatif
balas salah kunci trading hindar ramai ajar newbie pakai gampang pasar pesimis bandar ramai sisi pesimis chart tutup titik reversal amat alir akumulasi big player konsisten masuk tahap rencana umum ibh bulan tanggal tanggal ramai sisi pesimis market balik arah tes market atao ramai moga paham tipis beda kurang benang merah kaya lihat divergen trend kadang selip mata,Negatif
rules magnet bawah,Negatif
balas gimanapun ritel tetap ritel istilah cuan jual bikin ritel kalah banda hedgefundnya rugi namum peperangan ritel kena sembelih,Negatif
balas takut jebol rilis lap keu ketiak,Negatif
balas pendek amat average down timbang saham liquid nali cermat guna konsep average down beli cicil emiten selesai cicil piramida cicil kali alokasi total porto harga turun average cutloss beli alokasi porto harga turun cutloss konsep disiplin cutloss alokasi porto turun incar trend bullish atao cari,Negatif
balas wb bom nikmat cuan scalping kaya raya lihat jalan wb loss berkshire salah gagal,Negatif
market sadar day trading zero sum game boncos orang cuan beda beli prospek bagus dividen dividen wajar out bijak manajemen sesuai harap day trading masuk jual jual cuan tp atao rugi cl,Negatif
arb sensi bayang arb,Negatif
balas tim tawar senang beli ara banting arb pakai margin aduh kaya gin haka running trade selesai market senggol bacok,Negatif
arb normal mas pasang ts,Negatif
ideal arb normal tp arb goyang mantap,Negatif
balas rui maksud arb simetris noted erti maksud arb simetris turun,Negatif
swing low turun atao orang haka masuk fase party,Negatif
barusan jadi dirut tarik orang investor bijak bagus hubung orang masuk ubah bijak sinergis lumayan,Negatif
balas mumpung hilang cari opsi ganti tuju ferry seram arnya simetris santai arb cl super ketat money management,Negatif
balas nama cut your loss and protect your profit berkat semenjak sharing alam dapat cut your loss and protect your profit atao sederhana jaga modal aku salah ajar salah notes salah besar mana htf ts sl,Negatif
balas cutloss profit maksud pasang stoploss turun,Negatif
balas coba next trade never average down loss salah masuk cepat cari opportunity minervini average down just cut if you pakai wrong decision,Negatif
balas average ragu average down harga naik duluan diskusi via pm bantah jelek cari second opini,Negatif
ragu rakhmad tinggi uptrend topik average down,Negatif
balas average down hasil break even modal butuh minggu tunggu reversalnya average down beli kode saham rendah harap naik breakevennya atao cutloss beli harap naik kode beda salah posisi average down pindah,Negatif
turun average down bottom,Negatif
paham resiko loss susah ambil putus cut loss,Negatif
putus pinjam kta lubang hitam mending natural wish,Negatif
balas cut lost beli asyik biar join ngobrol ijin uang cutloss,Negatif
balas saham bingung rangkai cut lost beli asyik biar join ngobrol,Negatif
balas mending pinjam trading ketimbang margin margin margin call force sell pinjam loh pinjam pakai trading pakai margin kurang,Negatif
balas arb hari,Negatif
balas ta kuat loss pahit loss ambrol sisa leveragenya dashyat puluh ratus kali lipat margin,Negatif
balas back tes kenaikanorpenurunan ex date pptx senang,Negatif
intensi garis hitam sinyal jual by candle hebat gpl naik sinyal sell baru muncul muncul hammer when to buy,Negatif
balas passion tarik gin arb saat arb market koreksi trader join pasang stoploss jamin arb persen liquid,Negatif
ascending base struktur volume kurang bagus tarik gila khawatir,Negatif
balas swing low confirmed moga last chance to buy before start to tes bottom jutha turun lap keu jelek jaga bandar,Negatif
aduh clra arb hari,Negatif
ngamuk,Negatif
bid palsu kuat nanjak,Negatif
balas mudik maksud kadang analisa ilmu kena prank koit,Negatif
mudik,Negatif
balas ingat cerita kd go private durian runtuh saham kali gagal go private harga kurang seru,Negatif
balas ingat cerita kd go private durian runtuh saham lihat produk go private minim usaha go private pandemi gin,Negatif
balas mending jauh ingat cerita kd go private durian runtuh saham,Negatif
balas bosowa dalam sama bosowa sangka lepas saham pelan hilang porsi bosowa,Negatif
kejam right issue bert yglalu masuk ara arb sungguh,Negatif
balas miris lihat sisa jepang masuk angka banting corona,Negatif
balas lihat sopir gampang lihat invest kasih kb endal miris lihat sisa,Negatif
balas lihat sopir gampang lihat invest kasih kb endal bosowa dalam sama,Negatif
balas masuk msci kalem bandar ugalan takut satpam takut moga jarang nongol,Negatif
balas jarang tahun emiten growth cepat all leading to momen ipo tp gerak curam naik cepat turun cepat,Negatif
balas arb masuk arb jantung takut kuat,Negatif
arb masuk,Negatif
balas sangkut dosa jual,Negatif
balas ara biar jebol resisten biar htf oke htf base kuat apa gagal confirm pattern volume delay roket roket roket,Negatif
menit open jual asing awal buruk,Negatif
sedih ghost,Negatif
balas bursa merah merah tampil merah merah senyum awal sakit,Negatif
balas bursa merah merah merah aplikasi protrader bug lihat indeks,Negatif
balas bursa hijau merah bursa merah merah,Negatif
balas arb arb saham bagi rasio saham bagi milik kali exdate proses telah hitung valid,Negatif
balas exdate arb,Negatif
balas sell on news hancur tia,Negatif
balas distribusi akumulasi bikin flag selling klimaks volume turun rendah,Negatif
balas lintang jalan tol putar tanjung harap ikut tren digital stuck coba kapal digital stuck,Negatif
balas lanjut turun,Negatif
balas hold donk cz semenjak break ema setia ema jual trend balik arah ema potong bawah ema,Netral
balas mohon dapat mula average down ketik cz tipe trend folowing salah entri hold cl candle close dibwh buyback avgdown sentuh mantap ema pasang sl dibwh ema,Netral
beli break mad maw tp pethakilan teknik entry bagus hold jual cuan andai hold,Netral
balas beli tinggi average sentuh cl pantau untung tahan mental beli area necklinenya,Netral
sering cutloss modal habis pakai dingin mending hold,Netral
balas atao lusa halt rui libur,Netral
komentar black crows black crows openingnya body tekan bawah kali sudaha hammer dorong volume pribadi tunggu kisar,Netral
sabar diam ngumpulin nyungsep bawah gerak gera,Netral
wiihh cakep moga hold cut loss,Netral
balas masuk msci jaga sevolatile tinggal tdr,Netral
alot,Netral
balas bursa merah merah bursa merah halt,Netral
area demand kumpul in,Positif
balas alas naik tinggi naik multibagger fundamental bagus lompat laba ratus dukung jual naik dst,Positif
balas sales road to moga semesta dukung,Positif
potensi bentuk cup and handle eko bawono ssp gagal volume dukung dapat time frame,Positif
kuat,Positif
balas arb jilid pasca cum date ri sentimen mini terbang may market ri sukses bagus jaga lihat ri goreng kencang terbang,Positif
balas beli kondisi gin arb ngetem ngetem hari untung goreng,Positif
balas volume angkat bandar atao ritel bandar angkat ara jilid bandar ritel question keluarin duit naik volume tinggi kasih cerah,Positif
takut gila,Positif
balas member sangkut bahas naik sangkut,Positif
balas jebak arb hari baik maksud dahulu antri bandar opening pasang jual sisa doa moga beli,Positif
ara,Positif
balas astaga jantung kuat arb ara,Positif
selamat era ara,Positif
sesi ara,Positif
candle volume tinggi candle candle volume tinggi ssp,Positif
tinggal kereta roket roket,Positif
balas sadar volume lumayan tanda harga turun volume beli naik,Positif
balas dividen final rp lembar adjustment kurang dividen interim rp sisa rp lembar cum wow naik tahan,Positif
dividen final rp lembar adjustment kurang dividen interim rp sisa rp lembar cum date ex date rec date payment date,Positif
balas fibonacci usaha clover beli harga jebol tarik,Positif
balas tarik,Positif
tarik,Positif
balas beli buy if break market jalan,Positif
balas naik naik atao turun dalam ngarep naik,Positif
ayo entry jual,Positif
balas naik beli,Positif
naik,Positif
balas clover universal milik centratama entitas northstar advisors pte ayo haka,Positif
gas,Positif
balas happy bahas kira kali untung senang,Positif
balas break confirm ssp haka member traders,Positif
balas break confirm ssp tunggu break average up break confirm ssp ini lupa baca missleading,Positif
balas ramai biaya keluar bandar rusak ardiyan break cicil all in tunggu candle konfirmasi jum at hitung weekly hubung jum at tanggal merah,Positif
balas average up atur average up,Positif
balas break confirm ssp tunggu break average up ssp weekly daily konfirmasi average up confirm alas ri urus,Positif
ramai ramai in,Positif
balas break confirm ssp curi start duluan,Positif
balas masuk tawar,Positif
balas break confirm ssp mantap fullcash tunggu ssp tunggu,Positif
break confirm ssp,Positif
balas gd haka,Positif
repo,Positif
valid buy,Positif
seram pagar,Positif
balas gas gas in,Positif
gas,Positif
trading beli,Positif
balas rumor beli digital colony,Positif
dividen rp woy,Positif
balas ri tanggal bom tanggal kerek tanggal ri,Positif
ciamik,Positif
caution is buy for tower heard buying at around usdmn this is very pricing as we are expecting at around usd tower sales value positive for as strengthens balance sheet and ample of capital for future spectrum akusisi lelah announced their for ri targeting to issue bn shares,Positif
balas lupa bo kayak,Positif
usaha fase downtrend coba tembus level psikologis recommendation spec buy target price target price stop loss disclaimer credit idx,Positif
terbang ayo,Positif
haka,Positif
balas isu amonia naik gas,Positif
naik volume htf gagal,Positif
balas rebound,Positif
balas bagus cukai batal,Positif
balas hijau tebal hijau transaksi hijau emiten bakar,Negatif
balas hijau transaksi miskin bandar rombong ziarah religi bandar dikrangkeng goreng,Negatif
hijau transaksi miskin bandar rombong ziarah religi,Negatif
balas road to moga semesta dukung sayang semesta dukung,Negatif
balas kunci arb kunci bandar balik lihat kaya ritel berani masuk,Negatif
balas kunci arb kunci bandar,Negatif
balas coba gagal jam buka arb sangkut pasang arb kunci lepas kunci buy,Negatif
balas yes coba gagal jam buka arb sangkut,Negatif
balas market ri sukses bagus jaga lihat kacau total hari dagang lihat ri ex date kencang,Negatif
arb jilid pasca cum date ri sentimen mini terbang lihat kalem ikut terbang kisar tuju ri ekspansi bisnis arb jilid sudah fl,Negatif
balas tutup bursa masuk order sell arb hari doa bin harap baik hati jemput beli kondisi gin arb ngetem,Negatif
balas member sangkut bahas sangkut average untung buntung small portion terima kasih tidak ada acara suspend suspend exit bantai,Negatif
balas olt order hari korban arb antri,Negatif
balas batas ara ambil bawah jual pucuk,Negatif
jebak arb hari baik maksud dahulu antri bandar,Negatif
balas arb jilid suspend maaf newbie mah cuek,Negatif
balas salah langkah bandar sadis arb kali puas,Negatif
kena pasang sell jam pasang besok loss untung mm kaget,Negatif
balas sopir keri hantam kasih ampun arb,Negatif
balas domestik tindak kompak arb lemah takut broker domestik akun asing,Negatif
rombong kcl korban cut loss,Negatif
balas sektor pantau next week banking properti konstruksi sangkut sangkut santai bandar habis distribusi tanggal tunggu angkat bahas biar diam naik bahas arb bandar bandar tebar hati,Negatif
sayang close,Negatif
beli profit beli hari terima kasih bandar ngehayal,Negatif
arb,Negatif
antim arb,Negatif
balas bagus cicil rugi turun,Negatif
merah goreng krispi,Negatif
bosan lihat lesu,Negatif
sepi,Negatif
balas diam ayo biar senyap biar turun beli kasih turun bawah gamat,Negatif
balas situ area suportnya diam ayo biar senyap biar turun beli,Negatif
terbang indeks beban indeks,Negatif
balas please arb kali,Negatif
balas sesal jual,Negatif
hk closing biar,Negatif
nyungsep,Negatif
berani jalanin swf bom,Negatif
balas untung lihat ambrol ironman,Negatif
untung,Negatif
rugi benah berita restrukturisasi berita jual tol restrukturisasi himbara,Negatif
balas salah beli pucuk cutloss rugi and swf ngaruh cutloss,Negatif
salah beli pucuk cutloss rugi and swf ngaruh,Negatif
sektor pantau next week banking properti konstruksi dapag dukung momentum balik coal mining bullish konstruksi break jutha turun abise jual loss gila,Negatif
hijau sepi lemah lesu,Negatif
balas pantau tp,Negatif
balas latih trading cocok poin tp poin tp tp family xlo habis rally point loyo cap celup,Negatif
minta mudah mampir,Negatif
balas pasang tp ckkckckck,Negatif
balas naik volume htf gagal breakout htf gaga,Negatif
downtrend suport dekat mana,Negatif
balas sabotase bencana,Negatif
balas lha janji nana terima kasih rumah detail selamat istirahat,Negatif
lurus ledak suka lkh eniwe konsol salah,Netral
balas takut gila takut masuk tunggu kondusif,Netral
balas sayang close buru endingnya cakep,Netral
balas ngikutin masuk menuhin fee broker biar timenya gratis sesuai trading hold centnya ajar momentum hilang tahan,Netral
balas dalam masuk lebih kurang gantung psikologi orang cocok ma dalam andal ts tp bikin jarum suntik cocok masuk jual ambil bawah,Positif
balas rups laksana right issue tanggal mar mana jadwal laksana tunda volume,Positif
balas kawal bareng ayo bareng semesta,Positif
balas see digital colony bilang milik thankyou info digital colony akuisisi right issue standby buy,Positif
balas jawab see digital colony bilang milik thankyou info,Positif
hidup hidup,Positif
balas haka jam news,Positif
balas haka,Positif
balas tanggal tunggu narik goceng enteng model kaya,Positif
pegang pecah nominal,Positif
diskon,Positif
balas patriotik merah darah ma rui,Positif
balas merah tarik hijau,Positif
syukur hijau,Positif
napa broker bandar ambil,Positif
ayo rebound ayo,Positif
ngamuk,Positif
balas lq fundamental oke dividen tunggu naik,Positif
ambrol hajar,Positif
kuat ma mantap,Positif
awassss terbang,Positif
balas asik serok tunggu emiten pengaruh badai,Positif
get ready,Positif
moga hijau,Positif
ara,Positif
bangkit kubur,Positif
balas yuhu naik,Positif
balas kadung nyemplung balas fomo up gin cuan cepat tunggu koreksi moment distribusi,Positif
balas rups laksana right issue tanggal mar mana jadwal laksana tunda area buy,Positif
balas alibaba loh rups laksana right issue tanggal mar mana jadwal laksana tunda,Positif
sentimen bandar beramain,Positif
balas syarat break tahan bawah,Positif
digital raksasa unicorn,Positif
oke,Positif
bagus masuk tp bagus tunggu candle biru prosentase,Positif
balas ide emiten tarik bang,Positif
weekly ma weeks ma weeks ema weeks usaha jebol ma masuk setup,Positif
next watch,Positif
ara,Positif
nikel nikel stay base strong cantik,Positif
gas,Positif
teknikal area dan serok ragu,Positif
colek,Positif
balas guyur rf ft harga jaga,Positif
balas naik ayo full muat jaga banting naik,Positif
naik ayo full muat,Positif
serok bawah kenyang,Positif
start rups ri,Positif
balas tp gara karya lincah gera bullish,Positif
tp gara,Positif
cumdate ramai,Positif
rebound,Positif
happy,Positif
yp masang pager abg,Positif
kencang,Positif
balas canda rebound hijau,Positif
cum ri,Positif
area demand kumpul in,Positif
asing bulan jaga bpjs ngeri asing bpjs untung,Negatif
balas atur lengkap perihal batas milik emiten bpjs silah inti mudah jual terima kasih sharingnya ngeri efek fear kadang asli efek gosip mbikin runtuh duluan archegos,Negatif
balas hati jagan bunuh masuk neraka balas dalam andal ts tp bikin jarum suntik cocok tp prsktek susah brner klik kadang jual mlh tinggi tunggu turun masuk turun,Negatif
cl kena loss,Negatif
sentimen negatif,Negatif
balas fix arb kontruksi kendala kerja bayak tender kontruksi moncernya dapat kumpul kejar target,Negatif
balas fik hijau fix arb,Negatif
balas kampret cnbc fear disebarr berita bagus muncul,Negatif
arb,Negatif
balas bursa efek bohong swf,Negatif
balas prospek antem,Negatif
balas fundamental oke dividen tunggu naik rugi dividen,Negatif
balas closing merah parah bandar kasar main sulit tp andaikata merah sasar,Negatif
closing merah parah bandar kasar main,Negatif
lihat kesi mati tahan indeks woyyy tolongin napa,Negatif
buang asing giring opini bawah,Negatif
ngamati ngeri hati ginian angka bid palsu ribu dianjlokin hilang,Negatif
doa arb,Negatif
arb support,Negatif
runtuh supportnya,Negatif
balas ambrol,Negatif
kenal sangkut minibank penting sedekah atao zakat risk banding expected return deviasi minibank kisar main kelompok orang institusi pegang dana salam profit,Negatif
terjun bebas,Negatif
balas dividen kurang banting tutup gap,Negatif
dividen kurang banting,Negatif
ri simpang siur soalnyaz hmetd nongol,Negatif
cl coz ngk kuat psikis lihat sangkut turun arb ngeri pegang,Negatif
offer tebal hilang reversal,Negatif
balas butuh berani lapkeu tinggal tunggu bangkrut,Negatif
balas tunggu bang mesti ngarep doang kasih bagus info tarik coba pantao saagat tarik kali minimal ara ajak beli atao jual,Negatif
balas arb smw arb wajar masuk pucuk masuk murah masuk bentar rb telat,Negatif
balas tektok,Negatif
balas aset profit oke reputasi oke kesiap infra oke size data unt arb,Negatif
kondisi kurang bagus tahan barang on day trading,Negatif
balas masuk turun,Negatif
ramai ayo sedih sepi,Negatif
balas stocksplit geming market kondusif,Negatif
stocksplit geming,Negatif
usaha bagus banding ikut arb,Negatif
ayo turun,Negatif
ayo turun lagiii,Negatif
balas swf gagal kelas opung luhut prank tidak punya barang kpn habis prank swf prank,Negatif
gila ambrol,Negatif
swf gagal kelas opung luhut prank tidak punya barang,Negatif
arb ni mentok arb,Negatif
kasih ma kurang turun alias arb,Negatif
balas moga hidup segan mati sangkut sangkut definisi sangkut batas sl tp sl turun,Negatif
balas was was mikirin harta abs cl barusan masuk gara kena php,Negatif
was was mikirin harta,Negatif
balas ghost bandar chart support breakdown kabur,Negatif
balas cnbc indonesia berita sentimen negative balik saksi,Negatif
balas analisa pribadi waktu bukti bebas orang asumsi rugi bahaya orang lebih serok,Negatif
rekomendasi buy analis hs elen may tanya parah uang korban jatuh,Negatif
balas trading kadang bingung cl bawa naik em trade kuat tahan jelek perintah duit bantu harap jual tol atao ina proyek dana susah kecuali surat jamin perintah baik lambat,Negatif
balas sangkut baik cl malam ntn em suruh invest bingung invest gap pantul,Negatif
balas niat trading atao investasi trading pasang stoploss sangkut trading kadang bingung cl bawa naik em trade swing kena level stoploss stoploss investing mslh berita bingung layak invest,Negatif
balas sangkut baik cl malam ntn em suruh invest bingung niat trading atao investasi trading pasang stoploss sangkut stoploss penuh kena sl yasudah risk trading tentu terima posisi ambil salah,Negatif
balas perhati arb sesal jual arb pait loss order akumulasi bandar naik arb average bandar akumulasi loss tutup balas perhati arb sesal jual arb pait akumulasi hari moga,Negatif
balas pakai dingin hold sentimen swf,Netral
sakit credit by,Netral
balas minggu tahan ath,Positif
balas bayi rangkak tekun ath moga breakout pekan,Positif
balas ramai hunter dividen rups dividen lumayan,Positif
bentar tanda reversal ramai,Positif
ramai hunter dividen rups,Positif
balas moga rebound kencang gila market rebound,Positif
balas jujur buta ajar bos beli btc juta via bca astaga lihat cuan ratus ribu,Positif
balas lihat chart isu gabung emiten ajib goreng bolak cuan bagus,Positif
balas serap ri lihat chart isu gabung emiten ajib goreng bolak,Positif
serap ri bandarin,Positif
roket ajak cuan bareng jebol stop los,Positif
investor ritel serok dividen,Positif
balas ath turun,Negatif
balas jatuh tp dividen banting banting langgan banting ex date,Negatif
balas dividen koreksi lumayan entrynya mesti tuju invest atao minimal hold jatuh tp dividen banting,Negatif
arb gebuk,Negatif
balas crypto goreng jam arb kuat harap tidur crypto tau tidur guyur banting habis untung tp,Negatif
crypto goreng jam arb kuat harap tidur crypto tau tidur guyur,Negatif
balas gantung merknya bandar short sell,Negatif
balas ath moga breakout pekan minggu tahan,Netral
pindah rdpu libur investasi leher,Positif
balas kontan co id pt bukit asam tbk putus bagi dividen rp miliar tara kabur pindah,Positif
balas usa buru tutup gap bawah duit iseng taruh coin coin hot topic,Positif
right issue nasib share insight,Positif
pindah aja akumulasi,Positif
right issue dapat tarik tengah kering,Positif
balas laba omset tingkat manajemen,Positif
balas ndelosor volume lari tier hari value transaksi trilyun,Positif
balas ambil suka beda bandar bandar out migrasi coin balas tetangga hijau loh rumput tetangga hijau lebat carik,Positif
murah,Positif
hasil break ema,Positif
invest oke sangkut crash dividen lumayan cons oke berat maybe ubah uandang cukai rokok titik terang sisa komentar,Positif
ayo pillay ara cepat piutang puasa ramai unjung matahari,Positif
pintar habis akuisisi pakai cari modal jual emc keren habis eksekusi cek modal dapat bentuk aset market cap,Positif
balas info ri ayo rapat baris diskusi loh coba ikut kali swing trade,Positif
info ri ayo rapat baris diskusi,Positif
balas serok supportnya fibonacci resistnya,Positif
serok,Positif
balas lihat ipot cum date nominal terima kasih info barusan beli gtw cumdatenya,Positif
balas cumdate lihat ipot cum date nominal,Positif
cumdate,Positif
minus yp minus yp pena pa,Positif
balas average down kali total porto porsi total minus hancur sabar angka bagus perhati moga moga nembus bawah,Positif
rapat,Positif
balas ungsi lancar laju,Positif
balas tumben ungsi,Positif
tumben,Positif
dividen perak dividen payout ratio yield fix,Positif
aksi coal news,Positif
balas astaga buang dividen jelek bentar naik sesuai coal,Positif
kenang biar kenang indah,Positif
diam to moon,Positif
terbang ayo akumulasi minggu beli,Positif
naik signifikan,Positif
fly moon,Positif
balas prospek beli alhamdulillah naik bingung prospek berita,Positif
mencet buy tp hati deg,Positif
balas bandar gocek seram alhasil pindah gocek bandar bikin mules trading enak murni ta mnt cuan,Positif
bursa asia eropa libur copet pd all time high roket meanwhile money wings,Negatif
bawah,Negatif
balas emiten property distribusi hari moga stop distribusi distribusi tawar murah,Negatif
emiten property distribusi hari moga stop distribusi,Negatif
mana after gentlement talk loyo,Negatif
chip downtrend kurang sebab,Negatif
balas invest pilih invest jangka profit ban pbv tinggi susah naik alih kondisi market lawan trading boncos,Negatif
kuat mental barusan cl,Negatif
balas aduh harap kondisi cepat pulih tp anda worst case butuh balikin mod nasib depan dunia saham join ada masuk dunia saham dingin milik minus jadi investasi jangka minus pikir cl investasi jangka khawatir,Negatif
lapkeu jelek hati lapkeu jelek turun,Negatif
balas trading beli pucuk jual boncosnya invest fundamental hancur,Negatif
balas lha tp bilang realisasi swf jelek out alas analisa fundamental alir kaca spion suka kalah angka lapor uang bagus harga langit,Negatif
tp wkr lapkeu salah akuntan audit langsung usaha amburadul parah,Negatif
balas average down kali total porto porsi total minus hancur makan swf,Negatif
average down kali total porto porsi total minus hancur,Negatif
balas cl cl iris kuat turun ni porto untung average down,Negatif
balas dividen perak dividen payout ratio yield fix merah lumayan,Negatif
cum date dividen buang,Negatif
anjlok dividen rp lembar dividen yield bandar info distribusi,Negatif
balas gebuk dividen rumor,Negatif
gebuk,Negatif
astaga buang dividen jelek,Negatif
buka ara arb nasib vvip tukang guyur,Negatif
hati konstruksi hancur rugi lapang proyek mangkrak gaji telat,Negatif
strong bantai tidak punya barang konstruksi tp tega bandar guyur moga sabar,Negatif
pindah bursa crypto,Negatif
balas jebol turun kasih naik istirahat,Negatif
masuk kubur,Negatif
masuk kandang,Negatif
balas sedih lihat kuat naik,Negatif
sedih lihat,Negatif
warning hti distribusi situ nafsu salah salah pom arb high cra masuk ush ikt sangkut sibuk ngopi nonton tunggu stabil fil angka timbang,Negatif
arb,Negatif
banting,Negatif
confirm dotop,Negatif
buang selesai,Negatif
balas gocek bandar bikin mules trading enak murni ta mnt cuan gocek bandar bandar gocek turun murni bandar withdraw fund taruh,Negatif
balas hold average hold aja,Netral
balas moga capai lekas usa buru tutup gap bawah duit iseng taruh,Netral
hold average,Netral
balas pindah aja akumulasi nunggi,Netral
balas gmama biar konsolidasi gas,Netral
balas layak hold bentar rups moga semangat moga baik porto,Netral
balas layak hold dividen porto,Netral
balas minus layak hold solusi baik,Netral
balas viewnya right issue akusissi rs emc rs hold tunggu berita thank you sharingnya,Netral
balas sabar logam logam tunggu timing trading cuan beli goreng loh putus buy hold jempol,Netral
balas masuk akal net ipo next bawa ghost,Positif
back dor listing prospek,Positif
balas ara hati jorok ujung arb ara slow tp ara koreksi bahaya,Positif
balas merah hijau moga indeks hijau tebal hijau tebal hijau moga lipat,Positif
balas hajar bursa sinyal untung merah hijau moga indeks hijau tebal hijau,Positif
hebat,Positif
balas jalan tp masuk strategi valid tp mantap jangka tengah tektok situ tutup porto hijau merah merah cuan,Positif
balas lepas jebol situ tarik minus hijau untung tutup la jalan tp masuk strategi valid tp masuk pullback,Positif
balas faliq ikut selamat porto balik rugi untung,Positif
balas ayo average bawah ayun sedap faliq ikut selamat porto,Positif
balas swing target tunggu corporate action ayo average bawah ayun sedap,Positif
balas hijau atao merah hijau hijau tunggu hijau,Positif
hijau atao merah hijau,Positif
mantap vibration law balas saudara panen gilir,Positif
balas buy tutup sambar naik amat bunyi clang masuk turun,Positif
naik tutup sesi,Positif
menembuss ath,Positif
balas moga symmetrical triangles break moga bullish,Positif
balas cl cuan entrynya,Positif
roket roket roket roket roket roket roket,Positif
pantau,Positif
ara susul,Positif
terbang,Positif
balas kanan kiri ep ep akumulasi bentar ara arb tp terbang,Positif
balas kanan kiri ep akumulasi terbang,Positif
mending dividen,Positif
dividen lembar rp dividen interim rp sisa bagi rp cum apr exdate apr,Positif
serok,Positif
balas halo bang cerah serok,Positif
balas nurut bawa kecuali jatuh bentar cumdate patrick proses akumulasi public,Positif
dividen yield naik,Positif
lumayan tinggi moga,Positif
balas buah hasil party jual terbang pegang,Positif
tp,Positif
lirik,Positif
lirik,Positif
tarik,Positif
ath,Positif
ara,Positif
welcome,Positif
ara,Positif
masuk daftar tunggu candle hijau konstruksi seram,Positif
kuat ex cum,Positif
hijau ayo,Positif
ayo ara,Positif
serok lumayan,Positif
balas bully moga semesta dukung rebound keceng moga dukung,Positif
ath,Positif
salah miss em turun,Negatif
balas arb kali arb uma transaksi arb,Negatif
balas amit arb uma beda ara konsolidasi bahaya,Negatif
balas naik pesat hajar amit arb uma,Negatif
arb,Negatif
balas moga lipat naik pesat hajar,Negatif
hak ms duit bid habis,Negatif
pulang digit,Negatif
arb take profit,Negatif
sayonara,Negatif
tidur,Negatif
arb,Negatif
balas fomo nurut bawa kecuali jatuh jual rugi hold gantung yakin,Netral
biarin digangguin,Netral
wl murah banking,Positif
balas kurang gas coba cek hijau tinggi tinggi sh tinggal naik bnyak lippo group,Positif
balas beli sayang terbang keburu tp bagus cuan sesal salesnya,Positif
balas waaaah ken swikeee huhuhuhu beli beli sayang terbang keburu tp,Positif
balas pantau iring gerak gerak bareng sprt sprt bareng naik turun,Positif
piutang temasek usdjt konversi lembar nilai lembar balas masuk iseng iseng naik pantau iring gerak,Positif
balas masuk iseng iseng naik,Positif
ri curi start kerek,Positif
prediksi tembus syaang tp,Positif
balas invest pilih,Positif
terimakasih insightnya timing masuk marketnya ajar timecycle mohon bimbing na haka haka roket roket roket roket roket roket roket roket roket kakaaaa,Positif
balas marcapnya gerakin signifikan bca,Positif
marcapnya,Positif
balas mini angkat index,Positif
mantab sesuai,Positif
mantap terima kasih insightnya sabar tunggu,Positif
minggu akumulasi ayo broker ritel kanan tinggal tunggu wuss roket roket roket,Positif
balas ara roket roket roket naik ara,Positif
balas posting salah maaf prediksi all attention please turun indeks sek moga banking naik pelan naik indeks cuaca bagus sesuai view amiin,Positif
berita right issue terbang,Positif
balas yoook yoook sobat kumpul ara roket roket roket,Positif
balas tanam bibit yoook yoook sobat kumpul,Positif
tanam bibit,Positif
naeknya pakai vol obat,Positif
waaah ath mudah jam break,Positif
xl diam naik,Positif
wow,Positif
tp done thx,Positif
balas ath cape istirahat mantap serok bawah,Positif
aaaraaa panic buy roket roket roket andd still,Positif
tidak ada obattttt break ath roket roket roket roket roket roket,Positif
yeauyy finally susul samee,Positif
roket,Positif
ayo cincai,Positif
ayo,Positif
ayo balek,Positif
balas ara ara ndarrr,Positif
balas haka bagus gandoss,Positif
ara,Positif
balas haka jossssss,Positif
mini gas,Positif
balas masuk rf beli masuk mantp mudah tutup hijau,Positif
masuk rf beli masuk,Positif
perlahan tp naik naik puncak gunung,Positif
ara,Positif
gas,Positif
epic comeback panic buy modal,Positif
jalan,Positif
ara,Positif
gas,Positif
terbang ads berita bagus,Positif
mantap avd,Positif
yihaa,Positif
balas yes ihns terima kasih target tp,Positif
balas ara edan asa wush,Positif
ara,Positif
ath ayo,Positif
balas break tp,Positif
balas ath ayo ayo,Positif
ath ayo,Positif
balas nyesal naik wajar transaksi bandar borong rela beli iseng profit pasar belah hasil boom bandar ngeri,Positif
selesai konsol terbang,Positif
roket,Positif
wih moga bagger enak angkat all time high,Positif
haka,Positif
balas break,Positif
ara,Positif
ciaamiikkk gilaaaa,Positif
tembus ihns,Positif
balas ramai break tembus,Positif
tembus,Positif
balas ramai break,Positif
balas ramai break hit,Positif
ramai break,Positif
ara,Positif
balas kumat merah darah balas ledak rups,Positif
balas ledak ngebid,Positif
ledak,Positif
balas gas poodle,Positif
gas,Positif
gas main moga,Positif
bangun kubur,Positif
balas elus gembok sabar sabar tos tunggu susul,Positif
ara,Positif
lupa haka cpo hijau,Positif
balas terbang jebol,Positif
bntr ara,Positif
terbang,Positif
to moon,Positif
roket roket,Positif
feeling,Positif
balas mending bnb wushhh roket,Positif
kondisi arb bentuk htf arb sentuh bawah titik breakoutnya,Negatif
balas belah enteng tampilin chart koment ilmu macem erti aduh pesimis depan memmg turun tinggal atur trading your trade and trade you,Negatif
balas susah,Negatif
analisis lanjut turun,Negatif
naik,Negatif
merah,Negatif
balas ara ara,Negatif
balas suka loss kmd ganti sekuritas cuan ngakak pakai bca loss nga sl,Negatif
tik arb,Negatif
balas jual rugi aammsiioong,Negatif
balas arb kali arb uma transaksi arb,Negatif
balas pantau iring gerak gas,Netral
simpan lebaran,Netral
balas keren percaya mantra sabar kunci masuk trading hold cari celah muat,Netral
balas kuat still prediksi salah mantap bawah stay break ath,Netral
balas break bagger muntah sabar hold,Netral
balas break hold,Netral
selamat hold,Netral
balas jual rugi aammsiioong sabar kunci,Netral
balas murah harga utang bayar pajak antri,Positif
beli,Positif
bentar mlm aroma,Positif
ara,Positif
top volume,Positif
serok,Positif
serok,Positif
ara,Positif
gas,Positif
balas pegang berat target bagger ni pegang kmrin ara bagger balas volume ara volume jadi sehat tp disclaimer on pandang,Positif
balas kawal ath,Positif
balas jadinga mending ambil naik,Positif
balas owe copy ilmu focus setia anggap pesona cuan kotos mendung cerah cuan bohong tp neng fokus mantan indah pindah,Positif
balas pohai kenain pasal just kidding pegang makannsiang lauk apa nikmat beda ma cl,Positif
happy cuan sangka arb,Positif
tunggu dividen atao,Positif
balas turun borong rf aman koreksi,Positif
akhirny ara,Positif
balas hajar berkat masinis beliau jaga,Positif
balas pantau kerek trading tuju tgu in banting,Positif
naik,Positif
balas kemari kawan mantap tp,Positif
guyur dx turun murah untung naik,Positif
balas ara kejar bid tipis,Positif
ara kejar,Positif
ara ara big caps,Positif
to moon roket,Positif
beli temasek,Positif
gas,Positif
angkat,Positif
balas jdi koreksi kuat,Positif
ayo kpn,Positif
balas persis lumayan bottom at least tidur nyenyak pegang big serg ma cumen moga cuan lebar,Positif
bagus,Positif
to moon,Positif
balas gin naik cepat kembsli persis lumayan bottom at least tidur nyenyak pegang big,Positif
jjooosss,Positif
minat,Positif
ara,Positif
stonks,Positif
moga makan jual jual,Positif
tembus,Positif
balas ara gas pol mantap cuan bareng,Positif
ara gas pol berani ambil peluang cuan dsalah perhitgn cl cumen tonton,Positif
tunggu emiten dividen cicil,Positif
balas borong bk bk minat,Positif
balas oke oke,Positif
turun bawa naik tinggi,Positif
telat average up nikmat,Positif
bagus,Positif
saat takut serok borong bandar,Positif
balas kena pom sos biar dpat sero,Positif
balas kena pom sos saat takut buy then cuan,Positif
mantap,Positif
balas turun dgj metode simple hajar,Positif
balas ayo turun habis roket roket roket roket roket roket roket roket roket tawar harga harap,Positif
balas trading lupa tp beli,Positif
balas neng mah overdosis,Positif
balas ayo turun habis roket roket roket roket roket roket roket roket roket naik turun,Positif
neng mah,Positif
ayo turun habis roket roket roket roket roket roket roket roket roket roket,Positif
balas lumayan minggu trading,Positif
lumayan minggu,Positif
gas,Positif
manggung,Positif
naik,Positif
borong bk,Positif
gas,Positif
gas sempat serok,Positif
haduh haka buru biarin turun habis roket roket roket kencang,Positif
ara,Positif
ara,Positif
balas patut pantau sinyal terbang tinggi lihat tembus,Positif
roket,Positif
balas gann versi simple lewat death balas gann versi simple lewat death cerita mudah mantan indah,Positif
gann versi simple lewat death roket roket roket roket,Positif
roket roket roket,Positif
balas oke haka gitu araaakan,Positif
balas feeling merah closing oke haka gitu,Positif
gap up katrol,Positif
masuk bagus,Positif
balas jual beli beli,Positif
ambil momen bagus bentar nyusul tunggu,Positif
lippo uang batas usaha baik rugi lippo,Positif
balas tp trakhir hijau,Positif
lihat chart seru pd,Positif
wow kelar ribu sp tinggal pilih suka atao pilih perhati sektor finance reversal bca dump mining naik iring nikel tembus resist aktif moga jangka tengah uptrend cintah ajar bidang ilmu ikut alhamdulillah terimakasih kawan moga ilmu share berkah alir,Positif
sami sami diskusi anggota based on chart ajar dalam chart kombinasi akurat cakep chart banding,Positif
balas trauma neng bolak,Positif
balas haka,Positif
beda lupa hsmp ngeluarin produk skt produk,Positif
balas terimakasih silah tarik analisa senangx uptrend gin moga premature trendnya,Positif
balas silah share analisa bsk mampir dl mantap coba resisten tp support jebol cutloss,Positif
balas thank you tambah daahh,Positif
another minervini neil setup vcp then break out pullback vol rendah close level,Positif
lovers pattern cup handle potensi lanjut bullish trend tembus vol tp hasil tutup ma ma on list ikut overall market,Positif
terima kasih watch depan konsol tahan ma opportunity short term trade volume spike hasil tembus ma ma tarik tahan area dynamic support crs turun positive,Positif
obv bullish divergence ambil,Positif
offernya bid juta enek liat,Positif
balas bullish divergence periode mar,Positif
digital pbv gila bubble,Positif
balas valuasinya gila narasi goreng pakai narasi terbang lumayan kaya,Positif
balas atao northstar atao adek we never know terbang tutup gap puluh,Positif
emiten terbang kaya,Positif
sell on strength aduu naik bang balas power naik bawa ngeliat valuasi ngiler,Positif
balas beli temasek beli sinergi cuan,Positif
matahari beli,Positif
pena fundamental corporate action kuat apa,Positif
balas inside bars gemesnya kehadang ma ma tanda kuat reversal moga bo,Positif
tp neng,Positif
patut pantau sinyal terbang tinggi,Positif
mantap mantap,Positif
break out resisten,Positif
naik tp top buy moge dumped barang,Positif
balas sungkem cici hijau poles kotak harga isi gembok,Positif
happy cuan all lupa,Positif
balas tunggu turun open tutup hijau ngacirr besok mudah,Positif
candle cihuy sikatt,Positif
balas aammpuuunn siaaapp point ramal gaaeesss porto ara,Positif
fillingnya saat nmerah hijau gerak bursa,Positif
sundul pelan pelan,Positif
balas rangka aktif kaka,Positif
rangka aktif,Positif
terbang,Positif
balas terbang semogaaa naik,Positif
balas feeling prediksi break out feeling lihat disclaimer on barang terbang,Positif
ara roket roket roket,Positif
haka,Positif
lupa potensi mantap potensi mantap koreksi,Positif
gas,Positif
in trust,Positif
diam biar bandar,Positif
haka,Positif
duid,Positif
eko bawono jalan,Positif
lumayan copet bentar doang,Positif
ara signal,Positif
next bawah gas,Positif
balas hijau mantap,Positif
ara,Positif
hijau,Positif
balas feeling prediksi break out feeling lihat disclaimer on barang selamat menang hijau,Positif
balas bandar asing jas peluang naik,Positif
pantau done detail aja broker merah pd beli haka,Positif
masuk haka loncat tinggi,Positif
balas jir jual jalan pantes haka asing makan bid bandar asing jas peluang naik,Positif
jir jual jalan pantes haka asing makan bid,Positif
balas aaaraaa roket roket roket jalan selamat,Positif
balas bo ayo ayo akurasi kapten gunners bo flying high,Positif
balas mau tulis bawah tega support kuat moga mantap,Positif
balas feeling closing feeling closing keren feel feeling prediksi break out feeling lihat disclaimer on barang,Positif
balas cuan masuk rekomny,Positif
bikin senyum,Positif
ara,Positif
gas,Positif
haka,Positif
balas barang tp neng macan gas hijau brg sebln tunggu naik,Positif
balas mining ngegasssss akhirnyaaaa barang tp neng macan gas hijau,Positif
mining ngegasssss akhirnyaaaa,Positif
balas kode hambalang,Positif
bo,Positif
lumayan coba cek,Positif
balas feeling closing feeling closing keren feel lihat hijau tp merah demikisn biar nyopet tp arah tetepnaik,Positif
balas msinnya halus krmrn feeling closing feeling closing keren feeling closing dont worry lets see,Positif
gila,Positif
tunggu dividen,Positif
balas fix closing semangaatt ara ndaarr psstt ngebet cuan pakai ilmu extra sabar jaman sideway butuh minggu,Positif
balas fix closing semangaatt ara ndaarr roket roket roket psstt ngebet cuan pakai ilmu cocokmology aahh cocok flag pattern jalan dunnkkk,Positif
balas pagi moga sehat kasih bocor bagus terima kasihh amiiiiin nebak,Positif
pokok jual bukti turun,Negatif
balas lihat sisi fundamental alesan fundamental salah lihat naik fundamental bagus pelit dividen usaha trading emas milik negara sentimen liat gelagat masuk kesini tutup mata batin haka,Negatif
arb,Negatif
balas arah ayo cl bubar,Negatif
ati kena suspend buang barusan kejar,Negatif
vcp volume kecil,Negatif
balas berat banding lihat turun tipis turun tumpang lihat episode atao cari stock,Negatif
balas susah move on gerak tunggu lq turun banding tahan dividen tarik,Negatif
balas ara kejar berat banding lihat,Negatif
bad news ngopi,Negatif
sesat jalan bandar,Negatif
balas berani makan berat,Negatif
balas beli tongkol beli turun scepat kilat sgt bsr masuk,Negatif
sue gue jual murah pd ni,Negatif
balas komfrim sesat sesat kasi koreksi,Negatif
balas komfrim sesat,Negatif
close sehat,Negatif
balas feeling merah closing tunggu tinggal masinis,Negatif
sepi,Negatif
jual jual ni hiya hiya hiya,Negatif
balas tolong prediksi jelek feeling merah closing,Negatif
balas sd december mudah corp lapor tahun oke mudah manager anderson temasek usaha makan gaji buta manager,Negatif
papar sell on news,Negatif
balas ajar lewat level pro gampang buy susah cl salah gampang buy susah sell,Negatif
balas senangx uptrend gin moga premature trendnya kena fibonacci atao golden ratio moga lanjut habis pinokio bar merah wajar volume tipis,Negatif
balas trauma,Negatif
balas close tembus sesat,Negatif
balas lihat hidden bullish dividen dobot macd dividen dobot double bottom tp ragu tau dobot downtrend,Negatif
balas sales eps growth super sigaret kretek kena sentimen cukai ambrol,Negatif
balas offernya bid juta enek liat cantik bd,Negatif
balas skdr pakai isu digital arb digital lupa,Negatif
sinyal jual tutup bawah sila cermat struktur volume,Negatif
balas terbang tutup gap puluh jdi trun bawah panik cl,Negatif
balas beli temasek cocokmology temasek beli shareholder above singapore milik publik gerus drama,Negatif
suspend,Negatif
balas patut pantau sinyal terbang tinggi volume kurang dukung,Negatif
balas kapok,Negatif
gap tutup tambah dobot drama ulang,Negatif
injury time,Negatif
tinggal,Negatif
merah entri atao muat,Negatif
balas ara roket roket roket prediksi arb,Negatif
balas lupa potensi mantap potensi mantap koreksi volume volume susah jebol ma stucked naik tinggi penuh koper dx bq xa,Negatif
balas ngaco bang kena prank,Negatif
manya keras tembus,Negatif
balas ngaco bang semesta dukung,Negatif
balas cuan masuk rekomny ngaco bang,Negatif
hijau susah naik,Negatif
balas lelet keong,Negatif
balas koreksi bear dividen mao masuk invest pakai sl seram takut gaada batas arb anjlok ludes aplg gapake sl,Negatif
balas indikator lucu ni hari coin postnya ara lihat sepi tanda koreksi bear dividen mao masuk invest pakai sl seram,Negatif
balas feeling closing feeling closing keren feel berat lihat lq,Negatif
balas sellm bentuk rambut hold,Netral
balas sesuai jual hold target,Netral
balas bijaksana jual sbagian hold,Netral
balas jual blom smpt beli terbang tp makas yauda rejeki mana trims insightnya tp sisa biarin mana,Netral
balas cup tunggu handlenya kurang bentuk cup sanggup tunggu go ahead,Netral
hati dividen trap habis terjun hold alami cuan banting,Netral
incar dividen mending keep lq patok tahan dividen,Netral
balas ayo kpn sabar,Netral
tunggu sesi,Netral
balas ber target slagi up trand hold keras lama huni porto hold petakilan masuk modal average up kurang optimal profit gembok,Netral
balas bawa kesana vm coba position trading hold keras balik arah atao patah up ber target slagi up trand hold keras lama huni porto,Netral
balas harap jangka trade pribadi hold jangka at least,Netral
balas masuk bagus ngk tunggu breakout tah,Netral
balas jual simpan,Netral
balas langkah baik konversi utang beli strategis ri dst omong andai andai nilai ri stand buy option beli jaman after ri atao jual temasek watiga trust risk gin,Netral
lippo tunggu prospektus aja bnyak ri,Netral
prediksi tunggu,Netral
balas terima kasih watch depan konsol tahan ma bi ma bawah mngkin konsolidasi skitaran ma beli tunggu ma ma,Netral
blom naik colek,Netral
balas candle cihuy sikatt tunggu turun,Netral
balas tunggu,Netral
tunggu,Netral
balas bandar asing jas peluang naik tunggu kasih,Netral
balas junta tanggal detik,Netral
balas ayam naik haka,Positif
balas average atao ambil,Positif
balas kasih diskon girang diskon cashnya kering jual barang alhamdllah porto hijau diskon kring bikin pusing,Positif
balas niat trading investor sangkut ngarep naik setinggi harap cutloss cuan ambil hati,Positif
balas niat trading stock ubah haluan investing loss average niat trading investor sangkut ngarep naik setinggi,Positif
closing mantap profit naik yoy,Positif
asing jual top marketp cap,Positif
balas naik gegara berita ajm haka,Positif
naik gegara berita ajm closing,Positif
ikut arus air skill lincah renang cuan,Positif
balas kurang auptrend uptrend naik kaya,Positif
balas kurang uptrend coba kurang auptrend,Positif
balas beli uptrend turun kurang uptrend coba,Positif
balas serok lepas doang,Positif
serok,Positif
balas hijau hijau pasang cl average,Positif
hijau,Positif
roket roket roket roket roket,Positif
hidup,Positif
ayo habis bid biar tenang,Positif
cl saham terbang ct,Positif
support kuat,Positif
ayo rebound,Positif
balas naik,Positif
balas sesi kena cutloss arb tick arb selamat mantap arb moga mantap arb ara,Positif
lindung bca,Positif
hebat jago,Positif
tahan hijau,Positif
dividen,Positif
dividen cair free tax terima kasih menteri,Positif
balas konstruksi borong,Positif
gas,Positif
jago,Positif
balas buka naik ri goreng selesai ri tuju kalah,Positif
kuat story actionnya right issue planning ipo equity naik kali lipat penetrasi market rilnya ngandalin swf doank bayar utang triliun,Positif
buka naik ri goreng selesai ri tuju,Positif
gwanin naik,Positif
merah terbang tanda ipo,Positif
bersih,Positif
posisi bagus,Positif
balas ath,Positif
ath,Positif
fly,Positif
balas haka ath reason yuknabungsaham,Positif
haka ath,Positif
ayo gas,Positif
haka roket,Positif
naik domestik satu buy cerita turun taking profit naik gagal elliot wave naik,Positif
balas terbang lihat tuju pw capai target akumulasi public mudah manteng,Positif
balas turun moga close bikin candle hammer candle weekly terbang lihat,Positif
potensi rising wedge stocashtic death cross,Positif
turun serok naik beli payment dividen turun naik,Positif
habis jln lihat kebun terbang,Positif
balas hidden dividen atao salah analisa time frame lihat bullish,Positif
balas rumus hidden dividen,Positif
balas hasil bentuk swing high bearish trendnya last candle bentuk candle merah mana te hidden dividen atao salah analisa,Positif
naik,Positif
jago crash bagger beli jual,Positif
dividen serok,Positif
der,Positif
konfirmasi rsi macd koreksi ketemu hidden bullish reg,Positif
resist ath moga breakout,Positif
maaf valid breakout pattern cup,Positif
fenomenal naik slow tp nonstop tunggu pullback kasih eeee gas,Positif
balas proyeksi prospek hati gandrung ekonomi digital swing lihat naik tp tinggi,Positif
balas assalamu alaikum prospek masuk proyeksi prospek hati,Positif
balas breakout atao pullback konsol,Positif
balas assalamu alaikum prospek masuk,Positif
balas cantik ath,Positif
gonta ganti cetak rekor ath dj sp nasdaq ganti,Positif
balas direksi beli berita naik banting,Negatif
telat cl gembel,Negatif
balas pompom teknikal ja,Negatif
balas indonesia hebat sambut rhomadon mana diskon bursa nawarin diskon kasih diskon girang diskon cashnya kering jual barang ratap sedih,Negatif
balas cut your losses secure your capital kompromi kembali rugi tradin rugi hapus big profit big losses wassalam,Negatif
balas tips atas sedih hati silah grafik chart hancur hancur kuat kuat badai coba case tanda reversal langgan dividen jatuh kurang dividen tunggu coals tunggu winter,Negatif
dapat pribadi salah berat tekan bpjs usy kontruksi jelek lk vaksin kurang efektif china nop tengah berani masuk turun berita positif signifikan coba cek txn hari tipis maaf tebar fear tp drpd uap sayang,Negatif
hancurrr closing tanggal closing kuat usa buka tradingnya balas sorry typo gara gara rugi hmmm kemarin,Negatif
balas trading beli naik bayang opportunity loss tunggu cutloss dana beli uptrend cepat rugi entry point pakai analisa bikin trading lempar tanam,Negatif
balas kasih alam pribadi beli average down lumayan turun marketnya segitu downtrend reversal cutloss cek lihat harga plong hati,Negatif
balas turun ayo tungguin,Negatif
balas pikir hikmah suspend drpd anjlok ikut anjlog buka suspend ngeri,Negatif
pikir hikmah suspend drpd anjlok ikut,Negatif
balas bingung isu digital proyeksi lebay mandiri ngeluarin livin prospek,Negatif
balas gaklah hijau deposito bunga potong pjk pph final mil wkkk merah kuat duit kuat tinggal ngopi,Negatif
sangkut crypto marketnya crash jatuh miskin,Negatif
bukti suspand arb,Negatif
cegat semesta moga,Negatif
balas ilmu tingkat cuan tp cl cuan,Negatif
balas hijau jual matahari merah cuaca gerah,Negatif
balas zp net buy arb habis serok ujung naik turun,Negatif
bosennya turun,Negatif
hancur dunia saham pasar kontruksi beli,Negatif
balas batas cl orang orang bandar tunggu cl saat lihat merah bikin senyum sukses,Negatif
balas wis silah hajat hajat duluan minggir tepi ambyar usang hypenya crypto terima atao nyata,Negatif
balas turun atao mantap turun alias dcb inti disiplin cutlo sesi kena cutloss arb tick arb selamat mantap arb ara pusing disiplin,Negatif
mes cl,Negatif
balas rb tinggal rb arb,Negatif
arb,Negatif
rb tinggal rb,Negatif
arb,Negatif
koit,Negatif
serok turun terkadang sabar konsis bikin mes,Negatif
masuk kasih hadiah arb,Negatif
balas so cerdik gain kali lipat korporasi call wall street savy jang goreng value ukur buble pecah,Negatif
balas next jdi,Negatif
balas bersih news arb,Negatif
ipo buka nyerap dana masyarakat investor cape bakar duit kaya ri goreng,Negatif
balas bubar bubar bpjs,Negatif
balas arb hari lupa,Negatif
balas bubar,Negatif
balas bubar arb hari,Negatif
insider trader arb in hari rups dividen laba naik ampir bandar kuasa,Negatif
balas ua bad news,Negatif
jebol bawah,Negatif
area main bawa bawah rendah,Negatif
terjun bebas terjun,Negatif
balas ayo gas break ath volume takut false break turun,Negatif
arah arb,Negatif
balas power of hidden bearish divergence waaahh bakar waaaa feeling closing hijau real bakar lukas,Negatif
balas arb rugi akibat sengketa pajak,Negatif
arb,Negatif
suspend,Negatif
arb,Negatif
rugi,Negatif
balas enteng naik ritel jiper pegang lk rugi turun bandar happy pegang bawah arb,Negatif
banting,Negatif
arb,Negatif
balas bikin sesi arb arb pa ngk moga mantap arb lihat mantap manya,Negatif
balas beda nasib laba bersih laba lesat bikin sesi arb arb pa ngk moga mantap,Negatif
balas beda nasib laba bersih laba lesat,Negatif
balas turun serok naik beli payment dividen turun naik turun ex date payment ngaruh,Negatif
balas sengketa pajak masuk th impairment loss kali tahan buku jelas serap industri turun wajar covid lesu pajak putus,Negatif
balas ni po jual,Negatif
moga tega,Negatif
balas info hee moga trigger fund masukin dana segar market ikutin msci semenjak banting dikeluarin naik dimasukin sideway cenderung bearish,Negatif
balas cutloss hold jangka jangka butuh duit pasar bawah beli sangkut apa duit butuh,Netral
balas trading beli naik hold siy kurang invest jangka siy oke mdhan mantap,Netral
balas cutloss hold jangka jangka,Netral
target price morgan stanley base case bullish case hold,Netral
balas lihat tren pjg naik tp motong suport bpk tetapin berp tolerasi clnya tp masuk gantung bpk kemn ambil berp balas sabar tunggu bawa garis suport bawah miring incer daerah situ cuan gantung kpn masuk kpn konds,Netral
dividen turun mending average tunggu dividen turun,Netral
balas pilih bijak moga suka guyur kecuali hold for longterm,Netral
news eido hijau rebound hijau,Positif
balas rencana muat ri rencana mampir icip icip ri terminal ri,Positif
balas wow break sky high ayo rajin rajin geser biar athnya mana temu,Positif
balas naik biar kelas,Positif
ada technical rebound,Positif
balas break ath potensi naik tinggi break ath kali kali lupa ath kali,Positif
balas cicil kasih koreksi break ath potensi naik tinggi,Positif
balas fyi abs rups ri beli ri sila simpul cicil kasih koreksi,Positif
balas loh bagus fyi abs rups ri beli ri sila simpul,Positif
kasih info usaha kategori growing companies terima kasih,Positif
peduli asing atao lokal joget pasar,Positif
balas telkom indonesia mitratel weighs billion ipo harap kena ara ipo us billion,Positif
suspend,Positif
mai halus pakai ara jilid jilid suspend,Positif
balas tuju ara corporate action belakang disuspend reason untung yaudh fix ara,Positif
balas suspend set kena prikik lancar ara jln kena prikik ara naik turun gas,Positif
balas kena suspend corp action tuju ara corporate action belakang disuspend reason ara,Positif
balas suspend set kena prikik lancar ara jln kena prikik kena suspend corp action,Positif
balas habis bantai keluarin pancing ritel jatuh banyak kecuali scalper te top gainer,Positif
tebar dividen lumayan,Positif
rupslb buyback,Positif
balas frds senyum porto,Positif
balas loncat tutup buy bagi loncat deg degan,Positif
balas bete indeks sangkut no buka cuan,Positif
ur close bagus,Positif
loncat tutup buy bagi,Positif
balas kencang doa biar lebaran kasih thr berkah kasih thr atao diskon,Positif
kencang doa biar lebaran kasih thr berkah,Positif
mantap tuyun smogah angka cantik,Positif
balas peduli tekan jual cuan pindah happy cuan barang,Positif
asing konsisten beli,Positif
tembus,Positif
moga,Positif
balas serok,Positif
balas serok,Positif
asing manuver angkat,Positif
balas nikah,Positif
gas,Positif
balas ipar muat diskon suruh isi full hijau bingung,Positif
hebat ara kali gin,Positif
balas keren,Positif
balas sabar kunci jalan,Positif
balas hibur hibur,Positif
hibur,Positif
woops hijau,Positif
bolehnyicil,Positif
emiten kuat emiten htf sakti,Positif
kalah,Positif
ayo,Positif
antri kena,Positif
serok,Positif
peduli tekan jual cuan pindah,Positif
garis alert buy,Positif
balas ayo terbang ara,Positif
balas ayo terbang,Positif
trading,Positif
balas bandel mana santai nanjak panik nanjaknya gerak base tanda nanjak kaya,Positif
balas jalan,Positif
balas jalan,Positif
jalan,Positif
rebound,Positif
balas tarik ri korean masuk incar dana rasio,Positif
tarik,Positif
jebol,Positif
balas percaya sakti focus nebak index bandel mana santai nanjak panik nanjaknya santai,Positif
mantap,Positif
cuan take profit moh mati,Positif
ath,Positif
go,Positif
bagus,Positif
curi makan,Positif
balas yaudah lihat sesi fa diskon tunggu chart bagus tunggu naik,Positif
naik,Positif
asing net buy,Positif
watchlist,Positif
ayo,Positif
go go,Positif
ayo roket,Positif
bawah,Positif
pasar belah ath barusan year low ikut jual snack sampo digital,Positif
serok,Positif
ara,Positif
ara roket roket,Positif
astaga arb ngebut,Positif
balas to know northstar group stocks refuse to go down watch for oversold stocks moving below lower bollinger bands no lower moga tolak turun,Positif
roket mulu,Positif
fase ritel depresi panik fear fase cyrpto euphoria optimis siklus bursa silih ganti bursa hancur tp balik bursa crypto hancur be,Negatif
gera liar ca nangkap suspend suspend biar pusing suspend anggap hari puasa,Negatif
balas ngiler tembus all time high habis bantai keluarin pancing ritel jatuh banyak kecuali scalper uji,Negatif
balas garuda suntik pol pol mai dibiarin garuda suntik pen triliun butuh triliun apbd triliun sanggup perintah suntuk polan apbn sumber dana swf,Negatif
balas garuda suntik pol pol mai dibiarin,Negatif
balas tp keburu pullback kunci hilang tp,Negatif
hati incar dividen banting sakit,Negatif
arb,Negatif
balas cl cl bro break cl,Negatif
ayo henti sinetron hidup realita no,Negatif
balas panik panik panik panik cl,Negatif
fear sos kuat kyaknya,Negatif
balas sangkut cutloss crypto alir anti cutloss crypto mati pakai cutloss,Negatif
nasib usaha untung jamin saham naik,Negatif
target turun atao,Negatif
balas bpjs niat masuk krypto bpjs risk profilenya super aggresive nan,Negatif
update how low can go,Negatif
balas jatuh naik bawah bpjs tk bandar ambil untung bpjs tk salah kondisi acak maksud,Negatif
balas bandar culun bandar abis duit,Negatif
bandar culun,Negatif
balas harudnya bandar beroangku tangan panggung ambil heran kalah bandar guru bandar,Negatif
harudnya bandar beroangku tangan panggung ambil,Negatif
ayo ayo konsisten terjun bebas,Negatif
balas roket mulu jual,Negatif
balas tuju cut loss is your friend cutloss wajib down trend kuat average hasil minus sd turun konsolidasi beres global market,Negatif
balas direksi beli berita naik banting,Negatif
balas loncat deg degan akumulasi asing resis naik hold arah cpt sell tunggu supportnya,Netral
masuk peti gembok sampek,Netral
balas ara naik simpan,Netral
balas traders go away in may and came back in june apa balas tembus hold lebaran kasih thr ntr turun ntr gratis anterin mana,Netral
balas umur panen blom ijabkabul tunggu,Netral
sabar kunci jalan,Netral
balas simpan sst biarin cepat naik muat,Netral
balas tenang pinggir gerak tp dikumpulin,Netral
tahan,Netral
balas jebol tunggu,Netral
balas lower bb hantam wait until no lower low before entrering lower low diam lbb,Netral
balas vcp rally thank you,Positif
balas lq ma prank bosan still looks,Positif
balas tp salah tp arah tanggal,Positif
balas asyikk mini gas,Positif
tolak tancap gas,Positif
moga ara,Positif
balas tembus pattern candle morning confirm,Positif
gas,Positif
balas reminder northstar kabar suntik dana startup milik erick thohir pt mahaka radio integra tbk beli berita beli niscaya gerak balas mudah rubah fear greed tinggal request berita cnbc,Positif
balas naik lesat bebrapa tp keren naik trsan,Positif
balas,Positif
balas roket roket roket roket roket roket aaaannddd,Positif
juara,Positif
balas topang cantik yep gapernah bohong angkat beda angkat,Positif
balas next next roket,Positif
next next,Positif
balas topang cantik betullll,Positif
balas topang cantik,Positif
bca balap rebut posisi besar,Positif
serok inves,Positif
ara nafsu naik,Positif
balas salah jelasin bagus support resistant area area pintu tabrakin bagus ngejelasin dynamic support resisten pakai ma insight,Positif
porsi ajar umum cum ri,Positif
nana ri pegang tp putus rinya atao,Positif
feeling tp tp duluklo masuk,Positif
balas amiiin diatad prediksi salah,Positif
balas amiiin amin,Positif
balas amin amiiin,Positif
fokus yes regardless invest trading pantau big trendnya,Positif
next,Positif
balas break potensi prediksi kuat bkl,Positif
next,Positif
balas feeling iniijo tipis break potensi,Positif
naik puncak,Positif
balas mudah close tembus kisar suport br,Positif
balas mudah mudah close roket roket,Positif
balas story nanjak isu merger akuisisi caplok porsi,Positif
balas tunggu bawah moga jemput,Positif
balas story nanjak isu merger akuisisi,Positif
oke,Positif
balas tipe all in sisa dana loss besar kepe ajar salah cl cuan kotos beli,Positif
roket roket,Positif
naim pilot sopir,Positif
tinggal moga hijau royo porto,Positif
balas jual bersih,Positif
saran rajin cl so far start modal tumbuh lumayan,Positif
balas mah mending bingung balikkin modal cuan mah bdo hilang fokus balikin modal resiko revenge trade nekat minus trading fokus bangun porto profit scara konsisten,Positif
tarik sis semongko,Positif
balas tembus tp,Positif
haka,Positif
ayo nabrak,Positif
tunggu haka,Positif
balas tembus,Positif
tembus,Positif
balas haka big akumulasi kemairn,Positif
net buy,Positif
kondisi kerja usaha oke pandemi,Positif
hari senang pribadi,Positif
haka,Positif
balas mending dividen normal sgitu kisar ideal staon,Positif
jual lq cakep dividen cicil,Positif
dividen lumayan,Positif
aowkk naik turun aduh average,Positif
angkat indeks rebound,Positif
sentuh ma monthly moga kuat,Positif
balas naik turun main psikologi bikin naik turun murni market big cap bikin naik turun naik turun big cap asing,Positif
semalem posting high tv yahoo fin,Positif
balas celah masuk momen ambil,Positif
galau shake market,Negatif
guyur hati hati bandar mindahin barang moga uptrend,Negatif
balas dampak data inflasi jelek balik market inflasi tinggi inflasi ngikutin wallstreet terombang ambing narasi sengaja media ikut trade aja,Negatif
balas its just cycle lupa indeks running cuan nov hilang hiks,Negatif
balas kencang doa biar lebaran kasih thr berkah hutang,Negatif
balas merah kluarin news ritel kabur market belah,Negatif
paham line reader bpk hijau ati candle,Negatif
balas berat bawah iyah owe pindah duduk gerbong,Negatif
awas bandar ugal jamgan nasib kaya arb jilid,Negatif
balas naik puncak suspend,Negatif
balas tunggu bawah,Negatif
balas mah mending bingung balikkin modal cuan mah bdo hilang kejar ruwet bawa enjoy pasrah,Negatif
balas bisnis sesal sesal cl,Negatif
bisnis sesal sesal cl,Negatif
balas dividen lumayan tahan dividen banting arb,Negatif
balas big cap bikin naik turun naik turun big cap asing asing net sell pengaruh psikologis bandar ritel sell,Negatif
balas trader investor mati susah pbv naik susah turun bablas,Negatif
balas fase mana nulis nada maybe markets just aren for capitulation depression,Negatif
balas insight target long run jebol ma buka gembok,Netral
bagus hold sambut lebaran konsumer,Netral
balas pantau news buyback kayak tarik disclaimer on tarik lot rebut,Positif
pantau news buyback kayak tarik disclaimer on,Positif
balas galak galakin tp senang pd yiha sabar rebound tp alam harga analisa pribadi senang cuan emiten ganti,Positif
balas bikin sideway hajar buyback,Positif
balas ayo antri koreksi rheumasonnya rheumasonnya tp tahap sisa cuan porto tunggu kasih koreksi tp tp kabur tp mayan cl ganti,Positif
balas syukur blom kena sakit dianalisa tebal yakin mantap incer tp bikin base masuk terljr masuk sabar,Positif
syukur blom kena sakit dianalisa tebal yakin,Positif
breakout stasiun jadi target,Positif
balas blim info ha lap ri sila cek idx,Positif
blim info ha lap ri,Positif
networth triliun,Positif
balas realita gera hargasaham kaya naik kencang,Positif
cl masuk moga putus,Positif
balas dkt ath mantap,Positif
donor,Positif
balas tuju buyback emiten contoh tahan buyback jual hasil buybacknya simpan treasury expired,Positif
balas nyanggah pola bikin ssp fase pusing htf atao ssp fase bagus pantengin salah saran biar fomo htf ssp,Positif
balas saha paham mekanisme coba lihat history sept buyback lihat historis harga tuju buyback emiten contoh tahan buyback bawah nilai wajar atao undervalued,Positif
balas ngarti bagus tutup sebutin,Positif
regional dukung hangseng nikkei tarik moga,Positif
balas tutup cantik atao gemas bikin ssp weekly candle,Positif
balas bandar zp kebangentan hajar buyback pakai kim eng,Positif
balas tutup cakep tutup cantik atao gemas,Positif
bo,Positif
baik tp atao,Positif
balas tutup cakep tp amanin cuan,Positif
tutup cakep,Positif
gas,Positif
balas bikin sideway hajar,Positif
bk surup beli,Positif
kasi beli id jual bentar tinggal naik target menit transaksi,Positif
waw,Positif
rebound,Positif
aduh haka,Positif
kasi beli id jual bentar tinggal naik,Positif
balas happy cuan,Positif
jarum muncul,Positif
buy if break,Positif
ayo sesi,Positif
break,Positif
balas agan masuk cocol,Positif
masuk tinggi,Positif
lomba ri bagus,Positif
balas aduh ngebut tuju stabil naik manis sopan ri lanjut berita ara uma balas how high can go ri ngarep tebus min,Positif
regional hijau royo digital murah,Positif
balas bareng na haka haka hearts hearts,Positif
balas roket kena roket bablas,Positif
balas ajar tektok ni amunisi sesi seru ara atao jarum suntik ara ciiiii,Positif
balas bulan tunggu ri cuan beli terbang,Positif
balas keren bulan tunggu bulan tunggu ri,Positif
bandar akumulasi,Positif
balas potensi cnh,Positif
balas gila rups atao gana,Positif
gila,Positif
gendeng modalin kerek sesi,Positif
balas jebol ceilingnya moga jebol nembusin ath,Positif
balas ganti rui gilir yiha yiha always yiha,Positif
balas resist kuat support kuat jebol ceilingnya,Positif
balas happy cuan,Positif
balas samenya yiha yiha yiha yiha yiha yiha yiha yiha yiha infinity ganti rui gilir yiha yiha,Positif
maha brangkat,Positif
balas happy cuan,Positif
balas hold lumayan porto tp hold keras ipo stock split ri,Positif
balas cuan kotos sewa pesawat pribadi lebaran terbang,Positif
balas bawa rp kapan selamat pohai analisa on track,Positif
balas tp tp ben longsor kyanya,Positif
tp,Positif
dasar naik ri kena uma naik dasar ara kena uma,Positif
ca ca,Positif
how high can go,Positif
balas waduhwaduhh naik ugal kena uma suka,Positif
balas waduhwaduhh naik ugal biar biar barang bawah neng lihat sesi,Positif
waduhwaduhh naik ugal,Positif
diam hijau,Positif
senang sales,Positif
haka,Positif
balas terima kasih berkat hold mantap,Positif
balas wmuunya bandar akumulasi tunggu cl masuk biar terbang baby chick,Positif
wmuunya bandar akumulasi,Positif
mohon maaf rumor akusisi,Positif
break resis break resit atao masuk reversal trend,Positif
dividen,Positif
balas,Positif
bentar mudah tarik,Positif
balas rumours on market bidder digital colony naver line range bid sadis masuk akuisisi north group gila akuisisi jual beli usaha,Positif
coal nikel minggir ayam tampil,Positif
balas gila strong,Positif
balas selamat selamat,Positif
mantap,Positif
selamat,Positif
ara,Positif
balas nama nasib beda resist kuat support kuat,Positif
balas kali uji resist muat break ceilingnya,Positif
balas prospek cerah ni uptrend tinggal story,Positif
balas kayak konsolidasi bawah kecuali bandar sabar ritel traders masuk pantau antri,Positif
balas tiga gara pom cuan kotos,Positif
kali uji resist,Positif
balas aduh ngebut kena tp skeptis segitu gila tantang ngebut,Positif
ampun roket,Positif
putus doge terbang,Positif
balas aduh ngebut favorit ben cik rui,Positif
balas aduh ngebut niy slow biar jatuh sakit,Positif
aduh ngebut,Positif
balas masuk right issue kasih cuan telat masuk tunggu telat buka laptop tinggal tunggu bagus masuk,Positif
akuisisi modal limpah after ri kabar tender offernya,Positif
balas asing masuk beli jual sdikitpun bk masuk brosum asing acum nett buy mudah lihat jaga ayo gabung tarrikan haka,Positif
volume,Positif
balas terima kasih berkat hold tp paruh masuk koreksi,Positif
balas bk net buy asing masuk,Positif
yp cuan lebar,Positif
ancang,Positif
bikin support,Positif
goreng,Positif
balas mentok resist out ketemu yap tp,Positif
mentok resist out ketemu,Positif
bk net buy,Positif
saham naik rf jual dana saham turun terbang roket roket roket,Positif
balas ayo pelan,Positif
tembus,Positif
balas mantap bill buy on breakout,Positif
nakal,Positif
moga manggung,Positif
moga false promise,Positif
bangun,Positif
sales senang,Positif
happy cuan,Positif
balas happy cuan,Positif
roket roket,Positif
go go,Positif
balas keren pantau moga haka ara puluh,Positif
iseng gas,Positif
ayo,Positif
ara roket roket,Positif
roket roket roket,Positif
bidik naik alias janji janji realize cuan,Positif
rumah potong ayam besar,Positif
balas naik kalah,Positif
balas coba kasih stock pick dadak bangun silent readernya mayoritas instan kasih pilih chart stockpick tinggal sesuai buy aja bagus,Positif
roket,Positif
balas saran coin pegang cuan jual paruh cumdate paruh tebus ri andai ri bagus syukur hukum probabilitas habis ri naik pakai cuan tp beli,Positif
saran coin pegang cuan jual paruh cumdate paruh tebus ri andai ri bagus syukur pegang paruh andai ri bapuk syukur amanin cuan paruh,Positif
balas kuat nanjak moga hijau tembus,Positif
balas miris sukses ri warrant iseng bikin kalkulasi untung depan tebus,Positif
balas target rebu,Positif
balas potensi pompom barang,Positif
balas kaya rb ahli candle cfa astronomi suara potensi pompom barang,Positif
balas aladin gas gas pakai rem,Positif
aladin gas,Positif
naik,Positif
balas emgnya suspend buka suspend tp buka suspend ara gas ngebut sprt,Positif
balas keluarin report loh kaya rb ahli candle cfa astronomi suara,Positif
balas cari pundamental bagus hijau screening fundamental kepentok fundamental bagus makim guyur,Positif
balas legend balas arb cari pundamental bagus hijau,Positif
bandar kasih kode nge bid rb,Positif
kuat nanjak,Positif
dadak terbang,Positif
mantab,Positif
balas happy cuan penasaran nama ipo ara tp takut habis naik jual liatin kayak bid oke besok masuk aplikasi pakar let your profit run kesini rumor mini lucky skr biar mini hati senang habis suspend buang takut arb,Positif
happy cuan,Positif
mtpi yes yes,Positif
balas bagus ara pokoke suspend gurih sesuai titip ara santai naik kaya,Positif
balas soon to sun,Positif
ayo pompom rekomendasi,Positif
gas,Positif
ara roket roket,Positif
gas,Positif
balas shopee white check wkwkwkwkw lihat animo bagus bursa moncer,Positif
balas rups dividen sethn kira dpn perak persen,Positif
ayo,Positif
bolak tp,Positif
balas cicil dividen bos,Positif
balas cicil dividen rups,Positif
cicil dividen trap,Positif
cicil dividen,Positif
cuan cuan,Positif
slow but,Positif
balas ayo naik tinggi,Positif
ara,Positif
balas tok roket roket roket haka lumayan ekor ayam impor,Positif
roket roket roket,Positif
balas lihat weekly handlenya,Negatif
balas cnbc update untung cnbc kayak loss,Negatif
turun ayo,Negatif
suda turun,Negatif
tanda,Negatif
gas,Negatif
balas ente kali mah santuyyy masuk watch list goreng koresterol tinggi,Negatif
arb,Negatif
paraah arb untun,Negatif
balas longsor alias arb today,Negatif
ri tentatif,Negatif
induk so mancing ritel right issue iming trading waran,Negatif
balas clnya lambat ajar chart support resisten tradinglah lambat cl nyangka ambrol chart bagus,Negatif
tanggal tunggu delisting kayak,Negatif
balas rebu rebu blom,Negatif
balas rebu rebu,Negatif
balas ara fimp arb seram banding arb,Negatif
narik,Negatif
chart ara arb naik ritme arb,Negatif
balas canggih ni sis balikin jt cuan habis balikkin modal susah kena apes,Negatif
aktor lawak,Negatif
trauma sodaranya ciduk sabar,Negatif
balas koreksi turun bawah suport kuat,Negatif
balas cl ayoo cutloss,Negatif
cl,Negatif
balas bandar tega expired date,Negatif
balas bandar tega kya stlah exdate arb mlm,Negatif
balas bandar tega orang dividen yield wajar banting,Negatif
bandar tega,Negatif
kna suspend level pd cemas,Negatif
balas tunggu sabar lagj ri pethakilan gembok manis hilang kunci muat tebus,Netral
balas bulan tunggu ri tunggu sabar lagj ri,Netral
balas mantap mua kotos masuk note hold lumayan porto tp hold keras ipo disclaimer on stockpick,Netral
balas mantap mua kotos masuk note tunggu koreksi gel,Netral
hold cicak komodo,Netral
hold kencang masuk,Netral
balas semangat moga break ath putar dicelupin jilat terima kasih berkat hold,Netral
balas moga gatel jual pasang ts lupa salah tahan gatel,Netral
balas jual hold,Netral
still hold konfirmasi break habis tp gocek rebuy,Netral
balas ikuuut tabung tua gocap,Netral
balas liat bk sales rui gembok,Netral
cocok hold,Netral
cocok pakai investasi,Netral
investasi jangka bagus,Netral
tarik tahan,Netral
cocok tahan jangka,Netral
hold mah sip,Netral
hold,Netral
investasi cocok,Netral
simpan,Netral
cocok simpan,Netral
simpan,Netral
hold loh,Netral
tahan jual,Netral
simpan,Netral
hold bagus,Netral
tunggu naik,Netral
tunggu worth,Netral
hold,Netral
hold hati hati,Netral
halt hold,Netral
jual halt,Netral
tunggu stabil,Netral
stabil jual mending hold,Netral
hold usaha fundamental bagus,Netral
fundamental bagus mah simpan,Netral
cek fundamental simpan,Netral
usaha milik fundamental bagus cocok simpan,Netral
simpan,Netral
nge halt,Netral
fundamental usaha bagus cocok simpan,Netral
simpan jangka,Netral
gembok,Netral
kunci,Netral
orang gembok,Netral
gembok lumayan jangka,Netral
kunci fundamental bagus,Netral
kunci,Netral
cocok gembok,Netral
long run,Netral
maksud long run hold,Netral
long run long keep,Netral
long keep tahan,Netral
coba simpan tenggat lana,Netral
ubah hold atao halt atao keeo,Netral
tetangga keep long run,Netral
keep kali,Netral
target long run bagus,Netral
hold cum date,Netral
negatif hold,Netral
rugi niat investasi mending hold,Netral
atao tunggu normal,Netral
simpan cuan,Netral
naik simpan,Netral
suka hold cl,Netral
cl rugi mending hold,Netral
tetangga cl tunggu stabil,Netral
cl alangkah simpan,Netral
gembok,Netral
to mending hold,Netral
analisa usaha bagus simpan,Netral
hold fundamental bagus,Netral
bagus hold hitung hitung investasi,Netral
bagus simpan jangka,Netral
simpan tahun,Netral
hold,Netral
bagus hold,Netral
hold jangka untung,Netral
tunggu untung,Netral
tunggu jangka,Netral
tunggu,Netral
simpan,Netral
simpan naik,Netral
simpan potensi bagus masa,Netral
simpan nua naik banyaj,Netral
stay,Netral
bagus stay saha,Netral
stay,Netral
sabar tunggu,Netral
bagus sabar,Netral
kunci,Netral
layak kunci,Netral
kunci,Netral
hendro kunci,Netral
tahan,Netral
tahan,Netral
tahan,Netral
tahan cuan,Netral
jual tahan saha,Netral
tahan cuan,Netral
untung tahan bagus,Netral
bagus longterm pokok,Netral
hold,Netral
hitung hitung tabung,Netral
tabung cuan,Netral
bagus loh kunci,Netral
kunci masuk peti gembok,Netral
biar saham untung kunci buka,Netral
dikumpulin,Netral
dikumpulin jangka untung,Netral
tahan bagus longterm,Netral
stay,Netral
potensi bagus simpan,Netral
coba simpan,Netral
masuk peti,Netral
gembok,Netral
gembok,Netral
tabung pokok,Netral
tabung,Netral
bagus long run,Netral
efek long term bagus,Netral
astra bagus simpan potensi,Netral
stay situ,Netral
untung simpan,Netral
masuk porto gembok,Netral
dikumpulin saham,Netral
potensi bagus kumpulin,Netral
sabar untung,Netral
sabar jual,Netral
sabar untung,Netral
wait jual,Netral
hold saham,Netral
hold hadiah tarik,Netral
tahan jangka,Netral
potensi bagus hold,Netral
hold untung,Netral
tunggu jual,Netral
tunggu sabar buah hasil,Netral
tabung,Netral
bagus longterm,Netral
jual sia sia mending simpan,Netral
simpan kunci porto,Netral
masuk peti kunci,Netral
tabung long run bagus,Netral
hold untung,Netral
stay sabar untung,Netral
potensi bagus,Netral
fundamental bagus bagus simpan,Netral
simpan tenang,Netral
percaya mending simpan,Netral
simpan jangka,Netral
gembok,Netral
fundamental bagus kunci,Netral
stay,Netral
ngeyel tabung jual,Netral
mending hold biar hasil cuan,Netral
stay,Netral
tahan saham biar hasil untung,Netral
wait jual,Netral
longterm,Netral
tabung cerah,Netral
saran tahan,Netral
bagus tahan,Netral
kunci,Netral
pokok lepas masukin gembok,Netral
tabung bagus,Netral
hold,Netral
rekomendasi hold,Netral
tahan,Netral
hold,Netral
stay,Netral
mending stay,Netral
aduh salah langkah hold,Netral
masuk peti porto,Netral
tahan saham hold,Netral
hold tau,Netral
hold gara mentor simpan,Netral
stay situ bagus,Netral
tabung saham,Netral
bagus tabung,Netral
beli tabung,Netral
beli hold jangka,Netral
beli tunggu jual,Netral
beli stay situ,Netral
loyo,Negatif
loyo,Negatif
loyo,Negatif
loyo,Negatif
loyo,Negatif
loyo,Negatif
loyo,Negatif
loyo suram saham,Negatif
suram,Negatif
tumbuh kering loyo,Negatif
loyo atm,Negatif
suram pokok,Negatif
suram,Negatif
susah suram,Negatif
suram saham jual,Negatif
beli suram,Negatif
beli saham loyo,Negatif
loyo suram,Negatif
bagus loyo,Negatif
jelek,Negatif
ambrol bawah saham,Negatif
ambrol,Negatif
usaha tahu buat illegal,Negatif
loss,Negatif
merah mulu,Negatif
down beli,Negatif
pesimis naik,Negatif
pesimis bagus,Negatif
pesimis,Negatif
rugi,Negatif
beli takut rugi,Negatif
gagal,Negatif
gagal beli,Negatif
gagal beli,Negatif
gagal beli,Negatif
gagal beli,Negatif
ledak bom,Negatif
bom,Negatif
arb,Negatif
aduh beli,Negatif
low,Negatif
turun,Negatif
turun turun,Negatif
hilang minat atnm,Negatif
hilang minat,Negatif
cl turun,Negatif
set stoploss,Negatif
cutloss rugi,Negatif
bottom,Negatif
putus astra,Negatif
cut loss rugi,Negatif
sell,Negatif
khawatir,Negatif
ngamuk,Negatif
awas kena prank,Negatif
miris lihat,Negatif
turun curam,Negatif
curam,Negatif
sangkut sell rugi,Negatif
sangkut,Negatif
sedih lihat,Negatif
usaha buruk,Negatif
buruk turun saham,Negatif
sakit turun,Negatif
hancur saham,Negatif
stuck situ situ,Negatif
rendah minat beli,Negatif
kacau,Negatif
jebak beli turun,Negatif
kena suspend gara gara arb,Negatif
lesu,Negatif
sepi orang beli situ,Negatif
beban,Negatif
sesal beli kalu ujung ujung turun,Negatif
selesai,Negatif