,Data,User,Pesan,Saham,Jam,Tanggal,Status
0,1,Ronny,"Membalas : Photo
Skrg kok sering begini. Direksi beli saham sedikit, berita keluar harga naik sbtr tau2 dibanting.
Inkp, bbtn, bbca.","BBCA,BBTN,INKP",10:44:34 PM,Monday April 12 2021,Negatif
1,2,Ulfa,"Membalas : Selamat menunaikan ibadah puasa teman2 yg muslim. Kita berperang melawan hawa nafsu mulai besok. Semoga puasa kita diterima ole
Amin ya Allah
   ",AMIN,10:42:50 PM,Monday April 12 2021,Hapus
2,3,krm nugraha,"kalo telat cl,auto gembel
",AUTO,10:05:25 PM,Monday April 12 2021,Negatif
3,4,TAUFIQI ROMADHON,"Membalas : Ga bole pompom pak Baca teknikal nya ja pak
  ",BACA,9:38:19 PM,Monday April 12 2021,Negatif
4,5,Saya Siapa,"Membalas : Haka jpfa..  
Ga bole pompom pak
Baca teknikal nya ja pak
","BACA,JPFA",9:32:37 PM,Monday April 12 2021,Hapus
5,6,Safrudin Kurniawan,"Membalas : Harga ayam naik pak
Haka jpfa..  ",JPFA,9:31:21 PM,Monday April 12 2021,Positif
6,7,Alzur Zanni,"                                                          ,

Menjelang bulan Ramadhan kami sekeluarga mengucapkan Selamat menunaikan Ibadah Puasa 1442 H

Semoga puasa tahun ini berkah buat kita semua dan dilancarkan rezekinya buat kita semua. meskipun kita terpisah jauh hubungan silaturhami semoga terus berjalan hingga akhir hayat

Amin ya Rabbal Alamin     ",AMIN,9:21:09 PM,Monday April 12 2021,Hapus
7,8,Yoelhies Setiyono,"Membalas : Selamat menunaikan ibadah puasa teman2 yg muslim. Kita berperang melawan hawa nafsu mulai besok. Semoga puasa kita diterima ole
Amin ya Robbi",AMIN,8:34:45 PM,Monday April 12 2021,Hapus
8,9,Nomnom Girl,"Membalas : Saat anda berharap, saya yg udah lama cutloss BBKP hari ini cuan di ARTO. Hehe ini hanya contoh ya, jangan diambil hati.
Haha siap...style org memang beda2 hu  ","ARTO,BBKP",8:19:56 PM,Monday April 12 2021,Hapus
9,10,Maimunah,"Membalas : Haha kalau dikasih diskon punya cash ya girang... Masalahnya diskonnya saat cashnya dah kering ya, terus ga bisa jual barang. Ya
 ",CASH,8:19:44 PM,Monday April 12 2021,Hapus
10,11,Wibowo,"Membalas : Photo
Ikut di avg atau ambil di satu harga ?",SATU,8:13:46 PM,Monday April 12 2021,Positif
11,12,krm nugraha,"Membalas : Haha kalau dikasih diskon punya cash ya girang... Masalahnya diskonnya saat cashnya dah kering ya, terus ga bisa jual barang. Ya
alhamdllah porto masih ijo,banyak diskon cash kring ini yg bikin pusing ",CASH,8:11:24 PM,Monday April 12 2021,Positif
12,13,Benhan,"Membalas : Niat pertama trading bbkp...lama2 malah jadi investor bbkp karena sangkut...dan ngarep naik setinggi2nya sampe saat ini
Saat anda berharap, saya yg udah lama cutloss BBKP hari ini cuan di ARTO. Hehe ini hanya contoh ya, jangan diambil hati.  ","ARTO,BBKP",8:11:10 PM,Monday April 12 2021,Positif
13,14,Nomnom Girl,"Membalas : Dari yg awalnya niatnya pengen trading stock, terus tiba2 berubah haluan jadi investing (karena lossnya udah dalam, ga mampu avg
Niat pertama trading bbkp...lama2 malah jadi investor bbkp karena sangkut...dan ngarep naik setinggi2nya sampe saat ini  ",BBKP,8:09:53 PM,Monday April 12 2021,Positif
14,15,Benhan,"Membalas : indonesia memang hebat sambut rhomadon dimana mana pada diskon,sampe bursapun nawarin diskon
Haha kalau dikasih diskon punya cash ya girang...
Masalahnya diskonnya saat cashnya dah kering ya, terus ga bisa jual barang.
Ya cuma bisa meratap sedih deh",CASH,8:09:27 PM,Monday April 12 2021,Negatif
15,16,Rui :rocket: :speedboat::dancer: ,"Membalas : 5 kerugian kecil bisa dihapus oleh satu big profit. Tapi kalau 5 big losses? Ya wassalam.
     ini setuju banget, cut loss is your best friend","BEST,SATU",8:06:07 PM,Monday April 12 2021,Hapus
16,17,Benhan,"Membalas : Cut your losses, secure your capital, ga ada kompromi .... Seperti kak Benhan bilang, untuk mengembalikan kerugian dengan tradin
5 kerugian kecil bisa dihapus oleh satu big profit. 
Tapi kalau 5 big losses? Ya wassalam.",SATU,8:05:12 PM,Monday April 12 2021,Negatif
17,18,HASAN TOHA,"AGII closing mantap, profit naik 144% YOY 63B",AGII,7:55:32 PM,Monday April 12 2021,Positif
18,19,Ronny M.,"Asing jualan top marketp cap Bbca bbri tlkm asii
Ini adalah foto","ASII,BBCA,BBRI,TLKM",7:33:38 PM,Monday April 12 2021,Positif
19,20,Soebianto,"Membalas : Kalau ga mau cutloss ya hold aja buat jangka panjang, aman kok itu klo untuk jangka panjang
Aman.....asal gak butuh duit nya selama harga pasar di bawah harga beli, rasanya sangkut di saham apapun aman.. sampai duit nya dibutuhkan
",AMAN,7:30:53 PM,Monday April 12 2021,Netral
20,21,Jafar Sim,"Membalas : Ga setiap case seperti ini, terutama icbp belum ada tanda reversal, ptba langganannya setelah dividen harga jatuh (tapi kurang t
Terima kasih untuk info dan tips aham icbp dan coal  ","ICBP,PTBA",7:30:40 PM,Monday April 12 2021,Hapus
21,22,Fajar Oktavaria,"Membalas : Tips buat mengatasi kesedihan hati : silahkan diliat aja di grafik chart, sehancur hancurnya harga, sekuat kuatnya badai, coba l
Ga setiap case seperti ini, terutama icbp belum ada tanda reversal, ptba langganannya setelah dividen harga jatuh (tapi kurang tau kalo tahun ini karna dividennya kecil) kalau mau nunggu coals balik biasanya nunggu winter","ICBP,PTBA",7:27:19 PM,Monday April 12 2021,Negatif
22,23,Eddie,"Menurut saya lho yah, pendapat pribadi yg bisa salah: IHSG masih berat, banyak tekanan dari: BPJS, US10Y, saham2 kontruksi yg sangat jelek LK nya, vaksin kurang efektif di china, dan IHSG udah reli dari nop sampai pertengahan jan 21, apa msh berani masuk? Ini msh 5900 an lho, bisa aja turun lagi krn ga ada berita positif yg SIGNIFIKAN dan coba cek txn harian IHSG, sangat2 tipis....maaf ini bukan tebar fear tp drpd uang menguap ga jelas, kan sayang...","RELI,UANG",7:06:12 PM,Monday April 12 2021,Negatif
23,24,Eddie,"Membalas : Saya kasih contoh aja pengalaman pribadi ya. Beli ELSA dulu di 460an terus saya avg down terus sampai lumayan turun sampai di 4
Ini baru trader sejati brani cut loss tdk mencintai saham dan tidak ikut pom pom ers   ",ELSA,6:56:47 PM,Monday April 12 2021,Hapus
24,25,Jafar Sim,"26 maret 2020 harga bbkp hancurrr closing di 89 aja  sekarang tgl 12 april 2020 tadi closing di 498    kalau ga kuat ya ga usa buka tradingnya aja
Ini adalah foto
Membalas : Photo
Sekarang 12 april 2021, sorry typo gara gara rugi terlalu banyak hari ini,,, dan kemarin,, dan kemarin,,, hmmm dan kemarinnya lagi  ",BBKP,6:50:05 PM,Monday April 12 2021,Negatif
25,26,Benhan,"Membalas : Ngga pernah trading pak, itu beli saham dari dulu tapi gak naik2
Bayangkan berapa banyak opportunity loss karena nungguin harga balik.
Kalau di cutloss terus dananya buat beli saham yg lagi uptrend, lebih cepat tuh balik ruginya.

Tapi ingat ya entry pointnya pakai analisa dan bikin trading plan.

Jangan kira  lempar kayu jadi tanaman.    ","KAYU,PLAN",6:48:23 PM,Monday April 12 2021,Negatif
26,27,Jafar Sim,"Membalas : Saya kasih contoh aja pengalaman pribadi ya. Beli ELSA dulu di 460an terus saya avg down terus sampai lumayan turun sampai di 4
Tips buat mengatasi kesedihan hati : silahkan diliat aja di grafik chart, sehancur hancurnya harga, sekuat kuatnya badai, coba liat lagi harga nya setelah beberapa bulan? Minggu? Rasa sedih dan pusing itu yg harus dikurangin    wait saya kasih gambarnya yaaa",ELSA,6:47:50 PM,Monday April 12 2021,Hapus
27,28,yuki pt,"Membalas : Ngga pernah trading pak, itu beli saham dari dulu tapi gak naik2
Icbp aman hold aja pak
Ptba siy kalo sy kurang pas kalo utk invest jangka panjang
Pgas siy masi ok mdh2an segera mantul","AMAN,ICBP,PGAS,PTBA",6:47:42 PM,Monday April 12 2021,Netral
28,29,Benhan,"Membalas : Photo
Saya kasih contoh aja pengalaman pribadi ya. 
Beli ELSA dulu di 460an terus saya avg down terus sampai lumayan turun sampai di 430. 
Tapi harga di marketnya ga pernah nyampe segitu, pernah paling di 420.
Nah saat saya yakin ELSA downtrend dan ga bisa reversal lagi saya cutloss di 388.

Tau skrg ELSA berapa? Cek aja sendiri. Setiap saya lihat harganya, plong hati ini  ",ELSA,6:45:37 PM,Monday April 12 2021,Negatif
29,30,Andreas Teddy,"Membalas : Photo
Kalau ga mau cutloss ya hold aja buat jangka panjang, aman kok itu klo untuk jangka panjang",AMAN,6:42:38 PM,Monday April 12 2021,Netral
30,31,Dion,"Membalas : https://www.kontan.co.id/tag/pt-menteng-heritage-realty-tbk-hrme oalah hrme naik gegara ini toh, besok lanjut nih berita ajm 16.
berita 4 maret  ",HRME,6:16:34 PM,Monday April 12 2021,Hapus
31,32,Kaanz',"Membalas : ESSA nya kakak    
Turun yok aku tungguin nih ",ESSA,6:14:07 PM,Monday April 12 2021,Negatif
32,33,Dream Big,"Membalas : https://www.kontan.co.id/tag/pt-menteng-heritage-realty-tbk-hrme oalah hrme naik gegara ini toh, besok lanjut nih berita ajm 16.
oalahhh berita baru nonggol wkwkkw",HRME,6:11:32 PM,Monday April 12 2021,Hapus
33,34,Eko Bawono,Selamat berpuasa untuk sobat TT yang menjalankannya. Semoga lancar dan berkah. Amin ,AMIN,6:00:41 PM,Monday April 12 2021,Hapus
34,35,RBTAN59,"Membalas : Skrg ngga anjlog, pas buka suspen itu yg ngeri
ada sample Bmas di suspend pas ara  buka suspend 10 hari arb skrg sdh lwt ara lg.... mudahan mppa gak pake arb lg tp terus ara lg   ","BMAS,MPPA",5:51:20 PM,Monday April 12 2021,Hapus
35,36,Bu Nana,"Membalas : di pikir2 ada hikmah nya jg mppa di suspend drpd anjlok 2% ikutan ihsg  
Skrg ngga anjlog, pas buka suspen itu yg ngeri",MPPA,5:48:30 PM,Monday April 12 2021,Negatif
36,37,Cut Ema,"Membalas : Jadi ini masih coba2 ya   
 

sebelum bisa digunakan secara luas, pengembangan vaksin harus menjalani tahap preklinis dan klinis. Pada tahap preklinis, antigen vaksin diperiksa kestabilannya, baik secara fisik maupun kimia. Hasilnya, vaksin tersebut secara fisik dan kimia sudah stabil.

Vaksin Covid-19 juga sudah diujicobakan kepada hewan. Hasil pengujian menunjukkan bahwa vaksin yang disuntikkan ke hewan tetap aman dan membentuk zat anti.

Setelah dinyatakan aman dan bekerja pada hewan, vaksin kemudian diujicobakan ke manusia. proses uji klinis ke manusia terdiri dari tiga fase. Fase pertama, diujikan kepada 100 orang dewasa. Jika dinyatakan aman, uji coba masuk kepada fase kedua, yaitu uji coba kepada minimal 400 orang.

Setelah kembali berhasil, uji coba selanjutnya masuk ke fase 3, yaitu dengan jumlah relawan mencapai ribuan orang. 

Uji coba fase 3 tidak bisa dilakukan hanya pada satu sentra pengujian, tetapi harus dilakukan di banyak lokasi. Karena itu, uji klinis vaksin Covid-19 ini tidak hanya dilakukan di Indonesia, tetapi juga di sejumlah negara di dunia.

Memang yang paling cepat dan bisa dipakai saat ini untuk mencegah peredaran Covid-19 di Indonesia adalah yang dibuat di China.","AMAN,SATU",5:47:51 PM,Monday April 12 2021,Bingung
37,38,RBTAN59,di pikir2 ada hikmah nya jg mppa di suspend drpd anjlok 2% ikutan ihsg     ,MPPA,5:47:20 PM,Monday April 12 2021,Negatif
38,39,Dane Fernando,"Jika investor baru akan go private ya investor baru wajib melakukan tender offer untuk membeli semua saham yg beredar
Membalas : Investor baru akan nego ke PT AAA. Untuk kepemilikan saham publik nanti tergantung berapa persen yg masih beredar. POJk/BEI meng
Studi kasus bank bukopin, sampoerna, ...silahkan lihat prosesnya...untuk go private mgkn aqua bisa sebagai contoh",BANK,5:30:19 PM,Monday April 12 2021,Hapus
39,40,Lee Khong Huan,"Membalas : masih bingung kenapa isu digital bank kecil proyeksinya lebay, Bank Mandiri aja ngeluarin Livin, ga ada prospek gimana2
Covernya ganti Livin' tp begitu masuk sama aja dng Mandiri mBanking yg lama  ",BANK,5:04:33 PM,Monday April 12 2021,Hapus
40,41,hery,"Membalas : Siapa tahu di sini ad dokter yg bs menjelaskan napa bs begitu
sekitar 2 minggu lalu ada perubahan aturan. tadinya yg usia di bawah 60 vaksin kedua dalam 14 hari, aturan yang baru menyatakan dalam 28 hari. jadi tergantung kapan mendapat suntikan pertama. apakah sebelum atau sesudah aturan baru",SINI,5:04:07 PM,Monday April 12 2021,Hapus
41,42,Ronny,"Membalas : https://www.kontan.co.id/tag/pt-menteng-heritage-realty-tbk-hrme oalah hrme naik gegara ini toh, besok lanjut nih berita ajm 16.
Ini berita isinya kurang jelas   ",HRME,4:59:15 PM,Monday April 12 2021,Hapus
42,43,Mbah Bedjo,"Disini jelas tertulis 28 hari & 12 minggu, tapi napa punyaku 14 hari ya, hadeewww
Ini adalah foto
Siapa tahu di sini ad dokter yg bs menjelaskan napa bs begitu",SINI,4:57:05 PM,Monday April 12 2021,Hapus
43,44,Topher,"Membalas : https://www.kontan.co.id/tag/pt-menteng-heritage-realty-tbk-hrme oalah hrme naik gegara ini toh, besok lanjut nih berita ajm 16.
haka 75, otw 80 hahah",HRME,4:55:46 PM,Monday April 12 2021,Positif
44,45,Johny Asabro,"https://www.kontan.co.id/tag/pt-menteng-heritage-realty-tbk-hrme oalah hrme naik gegara ini toh, besok lanjut nih berita ajm 16.52 setelah closing hahha",HRME,4:54:35 PM,Monday April 12 2021,Positif
45,46,Mbah Bedjo,Adakah di sini yg udah di vaksin covid utk ke 2x nya,SINI,4:51:58 PM,Monday April 12 2021,Hapus
46,47,Jee Satya,Ikan kecil ikuti arus air aja dan skill kelincahan berenang... spy cuan ,IKAN,4:09:46 PM,Monday April 12 2021,Positif
47,48,Riswanto Yusuf,"Membalas : https://www.instagram.com/p/CNjvTLiBxQ0/?igshid=km0htjrfeuv0
masih bingung kenapa isu digital bank kecil proyeksinya lebay, Bank Mandiri aja ngeluarin Livin, ga ada prospek gimana2",BANK,4:08:17 PM,Monday April 12 2021,Negatif
48,49,Anton,"Membalas : Gaklah, kalau hijau terus brati uang deposito itu bunga 0,25%/bln masih langsung dipotong pjk pph final 20%... (Misal Uang 1Mil
Wkkk.... betul itu...
IHSG merah, kuat saya duiti, kalau nggak kuat saya tinggal ngopi...",UANG,3:54:18 PM,Monday April 12 2021,Negatif
49,50,Jee Satya,"Membalas : Porto hijau cuma utk org super kaya, Bang. Kita mah cuma bisa santai jalani hidup penuh warna...
Gaklah, kalau hijau terus brati uang deposito itu bunga 0,25%/bln masih langsung dipotong pjk pph final 20%...
(Misal Uang 1Milyar, dpt bunga cuman rp2jt/bln )",UANG,3:52:19 PM,Monday April 12 2021,Hapus
50,51,Anton,"Membalas : Makanya pak, kdng bingung aja kok mendewakan crypto sekali. Kalau crypto bisa ngasih cuan konsisten. Orang kaya di dunia semua u
Pasar nggak ada regulatornya itu, Om.
Org2 kaya regulatornya. Dan mereka pasti punya berita jauh lebih cepat dr kita. Kalau ada rumor jelek, uang mereka ditarik dipucuk, retail sedunia bisa kismin berjamaah waktu news keluar.
Membalas : Gainget kak, saya dulu masi gatau apa apa, cuma ikutan. Modal 4jt jd 700rb
Dan saya yakin, 700 ribu itu akhirnya buat makan2 sama temen2 utk menghibur hati yg luka.",UANG,3:32:04 PM,Monday April 12 2021,Bingung
51,52,Fry,"Main saham aja masih nyangkut
Main crypto kalo marketnya crash malah jatuh miskin sekalian",MAIN,3:29:41 PM,Monday April 12 2021,Negatif
52,53,Vincent,"Membalas : Habis ini bisa meletus lagi, Om... Bandar disana kalau main keras. Di hold lama, hanya utk sekali benamin penumpang gelap di lum
Makanya pak, kdng bingung aja kok mendewakan crypto sekali. Kalau crypto bisa ngasih cuan konsisten. Orang kaya di dunia semua udh invest/trade di crypto   
Membalas : Gimana itu ceritanya ? Crypto crashnya kena sentimen apa? Lg kepo bgt sama coin2an pengen masuk tp takut salah timing
Gainget kak, saya dulu masi gatau apa apa, cuma ikutan. Modal 4jt jd 700rb   ",MAIN,3:28:27 PM,Monday April 12 2021,Bingung
53,54,S I,"Membalas : Habis ini bisa meletus lagi, Om... Bandar disana kalau main keras. Di hold lama, hanya utk sekali benamin penumpang gelap di lum
Betul Pak. Saya stress",MAIN,3:12:30 PM,Monday April 12 2021,Hapus
54,55,moko apdan,"Membalas : Photo
kekepin trus  ",TRUS,3:12:02 PM,Monday April 12 2021,Hapus
55,56,krm nugraha,"buktinya mppa skarang suspand,jd ga arb  ",MPPA,3:07:25 PM,Monday April 12 2021,Negatif
56,57,Rays_Man,"Membalas : kurang auptrend seperti mppa  
hahaha... 
uptrend tuh yg naiknya 90  ya.. kalo cmn 45  tuh kelamaan jd kaya..    ",MPPA,3:06:16 PM,Monday April 12 2021,Positif
57,58,krm nugraha,"Membalas : DOID cent assa lppf kurang uptrend apa coba  
kurang auptrend seperti mppa  ","ASSA,CENT,DOID,LPPF,MPPA",3:04:23 PM,Monday April 12 2021,Positif
58,59,Kirana L,"Membalas : WSKT dicegat semesta (MG)
Klo bole tau dasar statement drmna ya pak ?",WSKT,3:02:30 PM,Monday April 12 2021,Hapus
59,60,Dream Big,WSKT dicegat semesta (MG),WSKT,3:01:58 PM,Monday April 12 2021,Negatif
60,61,Rays_Man,"Membalas : Pentingnya beli saham2 yg uptrend, turunnya ga dalem dalem bgt
DOID
cent
assa
lppf
kurang uptrend apa coba  ","ASSA,CENT,DOID,LPPF",3:01:13 PM,Monday April 12 2021,Positif
61,62,Bambang aseli yg ada badak nya,"Membalas : ada yg serok WSKT?
990 lepas 1000 doang tadi. cuman  225lot",WSKT,3:00:37 PM,Monday April 12 2021,Positif
62,63,Rays_Man,"Membalas : Ilmu tingkat dewa!     
cuan di dmmx
tp CL di cent,elsa,doid     
gak jadi cuan deh  ","CENT,DMMX,DOID,ELSA",2:59:52 PM,Monday April 12 2021,Negatif
63,64,Dream Big,ada yg serok WSKT?,WSKT,2:59:10 PM,Monday April 12 2021,Positif
64,65,Virgaust,"Membalas : Dmmx ijo   525
ijo pak memang hahaha
saya pasang CL di 490an aja.
avg 404     ",DMMX,2:49:54 PM,Monday April 12 2021,Positif
65,66,Kirana L,"Membalas : Esti :rocket::rocket::rocket::rocket::rocket:
Tawar di bawah esti kak logika ga mungkin dia naik ertx ga bgitu naik...

Harus curiga ada ssuatu ati2 kak nyangkut","ERTX,ESTI",2:49:18 PM,Monday April 12 2021,Hapus
66,67,Rays_Man,"Membalas : Dmmx ijo   525
dah kujual 545 td pagi   
ternyata matahari merah ya.. makanya cuaca koq gerah amat  ",DMMX,2:48:56 PM,Monday April 12 2021,Negatif
67,68,Mbah Bedjo,"Membalas : Zp net buy doid di arb habis diserok td   
Paling ujung2nya besok naik 2% lanjut turun 6% lg   ",DOID,2:48:47 PM,Monday April 12 2021,Negatif
68,69,Jessica,KPIG,KPIG,2:48:22 PM,Monday April 12 2021,Hapus
69,70,Jafar Sim,Dmmx ijo   525,DMMX,2:48:01 PM,Monday April 12 2021,Positif
70,71,Catrine,Zp net buy doid di arb habis diserok td   ,DOID,2:47:52 PM,Monday April 12 2021,Bingung
71,72,Ngurah Dharma Putra,Esti :rocket::rocket::rocket::rocket::rocket:,ESTI,2:46:45 PM,Monday April 12 2021,Positif
72,73,Anton,"Membalas : Udah pernah nyicip crash crypto 2017 pak?  
Habis ini bisa meletus lagi, Om... Bandar disana kalau main keras. Di hold lama, hanya utk sekali benamin penumpang gelap di lumpur.
Sekali meletus, nggak ada namanya ARB, adanya AKM (Auto Kere Mboiz).... Kere tapi tetep trading (meskipun compang camping)...",MAIN,2:45:07 PM,Monday April 12 2021,Bingung
73,74,Dream Big,busett HRME wkwkkw,HRME,2:44:14 PM,Monday April 12 2021,Hapus
74,75,Rays_Man,"Membalas : Teman2 udah dapat dividen bmri?
belom...
belom punya saham nya  ",BMRI,2:43:55 PM,Monday April 12 2021,Hapus
75,76,Chai Lie,ASII gak bosen2nya turun,ASII,2:40:22 PM,Monday April 12 2021,Negatif
76,77,Muhammag kuncoro,Hancur di dunia per sahaman terutama di Pasar kontruksi saya beli PTPP tahun lalu harga 2000 sekarang malah jadi 1200,PTPP,2:38:40 PM,Monday April 12 2021,Negatif
77,78,Syrf Maulana,BBTN sepertinya mulai ada kehidupan   ,BBTN,2:33:11 PM,Monday April 12 2021,Positif
78,79,Andhe,"Ayo doid, habiskan bidnya biar ku lebih tenang  ",DOID,2:30:16 PM,Monday April 12 2021,Positif
79,80,Riswanto Yusuf,"Membalas : bisa pak ke 7000...asal Gojek jd IPO 
ARTO = BBCA","ARTO,BBCA",2:22:54 PM,Monday April 12 2021,Hapus
80,81,Kirana L,Panik gaaa panikkkk gaaaa ya panikk laa masa enggaaaa,MASA,2:19:13 PM,Monday April 12 2021,Hapus
81,82,moko apdan,"Membalas : Bbkp sempat 494 batas CL orang orang 500,, yaa bandar lagi tunggu saya CL pak @WindRainRealm    
disaat Liat ihsg merah,Masih Ada yg bisa bikin tetap tersenyum   sukses pak  ",BBKP,2:16:59 PM,Monday April 12 2021,Negatif
82,83,Jafar Sim,"Membalas : BBKP support sangat kuat di 500
Bbkp sempat 494 batas CL orang orang 500,, yaa bandar lagi tunggu saya CL pak @WindRainRealm    ",BBKP,2:14:20 PM,Monday April 12 2021,Hapus
83,84,aMe,"Biasanya klo Pak @wealth88 cl, sahamnya jd terbang... ct dmmx ya Pak ",DMMX,2:14:19 PM,Monday April 12 2021,Positif
84,85,Erich,"Membalas : Belum pak, taruh aja, takut saya jantungnya ga kuat jadi ga cl  
ga di cl ga jalan pak..bljr dr kasus dmmx dunk",DMMX,2:13:50 PM,Monday April 12 2021,Hapus
85,86,Tommy Hermes,BBKP support sangat kuat di 500,BBKP,2:13:31 PM,Monday April 12 2021,Positif
86,87,Virgaust,"Membalas : Ihsg 5975 Bbkp 500 Wis dah dipersilahkan yg punya hajatan, hajatan duluan saya minggir menepi dulu ambyar semua
CL pak ?",BBKP,2:12:42 PM,Monday April 12 2021,Hapus
87,88,Wawan Christian,"Membalas : Ihsg 5975 Bbkp 500 Wis dah dipersilahkan yg punya hajatan, hajatan duluan saya minggir menepi dulu ambyar semua
IHSG Mulai usang, sekarang lagi hypenya crypto. Terima atau gak, itulah kenyataan saat ini",BBKP,2:11:04 PM,Monday April 12 2021,Negatif
88,89,pp,doid yok ribonn,DOID,2:05:37 PM,Monday April 12 2021,Positif
89,90,Jafar Sim,"Membalas : Yang nanti bakal naik
Dmmx same  ","DMMX,SAME",2:05:30 PM,Monday April 12 2021,Positif
90,91,TAUFIQI ROMADHON,"Membalas : tadi sesi 1 awal2 sudah kena cutloss doid, sekarang doid arb/1 tick menuju arb, merasa terselamatkan, entah mau mantul dari ARB
  ",DOID,2:02:02 PM,Monday April 12 2021,Hapus
91,92,pp,"Membalas : tadi sesi 1 awal2 sudah kena cutloss doid, sekarang doid arb/1 tick menuju arb, merasa terselamatkan, entah mau mantul dari ARB
aminnn moga mantul arb jd ara   ",DOID,2:00:04 PM,Monday April 12 2021,Positif
92,93,Andreas Teddy,"Membalas : Iya pak.. Karena kita ga akan tau sampai mana turun nya.. Atau bisa aja mantul untuk turun lg alias dcb.. Intinya disiplin cutlo
tadi sesi 1 awal2 sudah kena cutloss doid, sekarang doid arb/1 tick menuju arb, merasa terselamatkan, entah mau mantul dari ARB jadi ARA juga ga pusing dah yang penting disiplin dulu  ",DOID,1:55:20 PM,Monday April 12 2021,Negatif
93,94,Erich,arto pelindung ihsg..bca uda masa lalu,"ARTO,MASA",1:52:12 PM,Monday April 12 2021,Positif
94,95,Jee Satya,"Arto, bank","ARTO,BANK",1:51:38 PM,Monday April 12 2021,Hapus
95,96,Wilsen,Hebat si arto. Ngab jago,ARTO,1:51:22 PM,Monday April 12 2021,Positif
96,97,Chezy,arto bertahan kehijauan nya,ARTO,1:51:00 PM,Monday April 12 2021,Positif
97,98,Benevelen,Tlkm aku mines 1% cl gak?,TLKM,1:49:29 PM,Monday April 12 2021,Negatif
98,99,Jee Satya,"Membalas : tkim dari 16rb an jd tinggal 9rb an  
Arb",TKIM,1:47:09 PM,Monday April 12 2021,Negatif
99,100,Dream Big,ARB kan ASII Ndarr,ASII,1:46:37 PM,Monday April 12 2021,Negatif
100,101,Fajar Suryo,"CARE, volume rapih amat
Ini adalah foto",CARE,1:43:37 PM,Monday April 12 2021,Hapus
101,102,pp,tkim dari 16rb an jd tinggal 9rb an  ,TKIM,1:43:22 PM,Monday April 12 2021,Negatif
102,103,Dream Big,WSKT menju ARB,WSKT,1:41:29 PM,Monday April 12 2021,Negatif
103,104,Nauval,"Membalas : Ihsg 5975 Bbkp 500 Wis dah dipersilahkan yg punya hajatan, hajatan duluan saya minggir menepi dulu ambyar semua
Mentok 540 ya ternyata kemarin ",BBKP,1:40:47 PM,Monday April 12 2021,Hapus
104,105,Jafar Sim,"Ihsg 5975
Bbkp 500
Wis dah dipersilahkan yg punya hajatan, hajatan duluan saya minggir menepi dulu  ambyar semua",BBKP,1:38:22 PM,Monday April 12 2021,Hapus
105,106,Erich,doid koit,DOID,1:37:20 PM,Monday April 12 2021,Negatif
106,107,Benevelen,Aku kemarin serok tlkm 3370 eh sekarang turun emang terkadang g sabar g konsis bikin mines,TLKM,1:28:03 PM,Monday April 12 2021,Negatif
107,108,Bu Nana,"Membalas : https://www.cnbcindonesia.com/market/20210412103136-17-237054/warning-buat-pompomers-yang-ganggu-pasar-ojk-tindak-tegas?utm_sour
Pompomers kayak apa sih? Yg ditindak? Trus kalo yg uda kejadian apa bisa kena tindakan?",TRUS,1:12:08 PM,Monday April 12 2021,Hapus
108,109,Jee Satya,"Roda kehidupan kadang diatas kadang dibawah, kalo sudah diatas diganjal batu  ( lihat tiktok nya ngakak dw)",RODA,1:07:53 PM,Monday April 12 2021,Hapus
109,110,Iceman29,Saat IHSG merah. Yg BULL tetap bull.  .,BULL,11:56:22 AM,Monday April 12 2021,Hapus
110,111,Alfian,Teman2 udah dapat dividen bmri?,BMRI,11:49:09 AM,Monday April 12 2021,Positif
111,112,Alfian,"Wah dividen bmri cair,  free tax, thanks bu menteri  ",BMRI,11:45:30 AM,Monday April 12 2021,Positif
112,113,krm nugraha,"Membalas : WSKT ADHI PTPP    
konstruksi'a d borong smua  ","ADHI,PTPP,WSKT",11:44:24 AM,Monday April 12 2021,Positif
113,114,Parlin Hutapea,"Membalas : tetep antisipasi lae kwkwkw
Aman saya ngk percaya Dukun.",AMAN,11:43:07 AM,Monday April 12 2021,Hapus
114,115,Parlin Hutapea,"Membalas : dikira marketnya opung kita kali masa naik mulu ga turun wkwkwkwk
Dikira ada Hantu nya kali jadi pake D",MASA,11:39:34 AM,Monday April 12 2021,Hapus
115,116,Andreas N,"Membalas : Lupa siapa ya bilang kemarin
dikira marketnya opung kita kali masa naik mulu ga turun wkwkwkwk",MASA,11:37:48 AM,Monday April 12 2021,Hapus
116,117,Brian Andhika,"Membalas : WSKT ADHI PTPP    
busettt..ada 3 3 nya?? ","ADHI,PTPP,WSKT",11:36:42 AM,Monday April 12 2021,Hapus
117,118,Yudha,"Membalas : WSKT ADHI PTPP    
Ga pasang stoploss kah? Turut berduka pak..","ADHI,PTPP,WSKT",11:36:35 AM,Monday April 12 2021,Hapus
118,119,Severinus Utomo,"Membalas : Nyangkut dimana pak?
WSKT ADHI PTPP    ","ADHI,PTPP,WSKT",11:34:40 AM,Monday April 12 2021,Hapus
119,120,Dream Big,HRME ngegas,HRME,11:31:37 AM,Monday April 12 2021,Positif
120,121,Benevelen,Arti rally apa ya kak,ARTI,11:28:29 AM,Monday April 12 2021,Hapus
121,122,nathan,"Membalas : Hehe sebelum IPO Gojek ga akan pecah bubblenya. Kalau soal valuasi udah banyak yg beredar hasil riset, cari aja sendiri kalau e
kalau untuk bc yang invest di gojek seperti asii dan tlkm apa kena dampak positif juga pak?","ASII,TLKM",11:27:25 AM,Monday April 12 2021,Hapus
122,123,Th,BANK & ARTO    jagoan ku,"ARTO,BANK",11:26:14 AM,Monday April 12 2021,Positif
123,124,Syrf Maulana,"BBTN baru jg masuk
Langsung dikasih hadiah ARB dong   ",BBTN,11:26:12 AM,Monday April 12 2021,Negatif
124,125,nathan,"Membalas : So pasti, hanya mereka yg cerdik luar biasa yg bisa gain berkali2 lipat dari aksi korporasi. Call it Wall Street savy. Tapi jang
tapi ini juga gorengan kan pak? gk ada yang tau value nya karena gk bisa di ukur kalau udah waktu nya buble pecah tapi gk tau sejauh apa ",AKSI,11:23:38 AM,Monday April 12 2021,Negatif
125,126,Benhan,"Membalas : iya bener pak tapi ini psp nya untung banget ya  
So pasti, hanya mereka yg cerdik luar biasa yg bisa gain berkali2 lipat dari aksi korporasi. Call it Wall Street savy.
Tapi jangan lupa sektor riilnya harus ngimbangin juga, kalau ga ya bubble burst.

Mending ini sih buat saya daripada gorengan2 BUMN dan Farmasi",AKSI,11:22:52 AM,Monday April 12 2021,Bingung
126,127,alyne,"Membalas : Next Baca
Kok baca? Bukannya baca ga jdi?",BACA,11:21:43 AM,Monday April 12 2021,Negatif
127,128,OL00 Oles sandro,"Membalas : bersih ya PGAS
Ada news ada pgas sampai arb kak",PGAS,11:16:42 AM,Monday April 12 2021,Negatif
128,129,nathan,"Membalas : jerry ng dr ke43 skrg sdh ke7 berkat arto   
iya udah di goreng terus ri di atas lagi dengan kata gojek di belakang nya jadi orang terkaya keren banget ya tapi gk tau deh masih di goreng apa udah selesai kalau buku IV dari ri uang masyrakat lagi dan gk dari oganik ya keren banget cara nya ya ","ARTO,UANG",11:14:17 AM,Monday April 12 2021,Bingung
129,130,RBTAN59,"Membalas : 6, 7, 8 itu lompatan kekayaannya karena naiknya value emitennya di pasar modal
emang mesin nya di sini yah om   ",SINI,11:14:12 AM,Monday April 12 2021,Hapus
130,131,Erich,"Membalas : Yang punya brpt nomer brp?
3 besar itu siPP",BRPT,11:13:40 AM,Monday April 12 2021,Hapus
131,132,Chezy,Yang punya brpt nomer brp?,BRPT,11:13:01 AM,Monday April 12 2021,Hapus
132,133,RBTAN59,jerry ng dr ke43 skrg sdh ke7 berkat arto   ,ARTO,11:11:37 AM,Monday April 12 2021,Hapus
133,134,nathan,"Membalas : besok2 jangan nabung di bbca/bbri/bbtn/bmri/bbni lagi. lebih prospek nabung di arto, bank aladin, baca dkk
kalau secara value bank digiital yang sukses kayanya cuma jenius sisa nya sentimen gorengan bandar aja bank itu kan trust susah buat ngalahin bca dan bank himbara mereka juga udah go digital semua  ","ARTO,BACA,BANK",11:11:36 AM,Monday April 12 2021,Hapus
134,135,Benhan,"Membalas : besok2 jangan nabung di bbca/bbri/bbtn/bmri/bbni lagi. lebih prospek nabung di arto, bank aladin, baca dkk
Beli sahamnya, kalau nabung deposito di bank yg low risk donk hehe","ARTO,BACA,BANK",11:10:39 AM,Monday April 12 2021,Hapus
135,136,nathan,"Membalas : Tujuan RI Arto bukan investor lama keluar, justru buat investor baru masuk, GIC masukin 3T kemarin. Saham investor lamanya ya m
iya tapi arto udah ribuan persen pak berharap sejauh mana lagi?",ARTO,11:09:50 AM,Monday April 12 2021,Hapus
136,137,Charles Prop,"Membalas : Next Baca
apa aja boleh yg penting banknya ga ada wujud lebih keliatan   daripada yg berwujud",BACA,11:09:46 AM,Monday April 12 2021,Hapus
137,138,devin,"Membalas : besok2 jangan nabung di bbca/bbri/bbtn/bmri/bbni lagi. lebih prospek nabung di arto, bank aladin, baca dkk
Next Baca","ARTO,BACA,BANK",11:09:04 AM,Monday April 12 2021,Hapus
138,139,Benhan,"Membalas : ipo gojek tokped bukanya karena mau nyerap dana dari masyarakat juga? karena investor nya pada cape bakar duit? mirip kaya arto
Tujuan RI Arto bukan investor lama keluar, justru buat investor baru masuk, GIC masukin 3T kemarin. 
Saham investor lamanya ya masih sama cuma terdelusi karena masuknya yg baru.
Ini bukan RI buat bayar utang. 

Model startup sukses kayak gini, investornya bakal untung berkali2 lipat setelah IPO",ARTO,11:08:37 AM,Monday April 12 2021,Hapus
139,140,Charles Prop,"besok2 jangan nabung di bbca/bbri/bbtn/bmri/bbni lagi. lebih prospek nabung di arto, bank aladin, baca dkk","ARTO,BACA,BANK",11:08:28 AM,Monday April 12 2021,Hapus
140,141,Tio,"ARTO
Ini adalah foto",ARTO,11:06:21 AM,Monday April 12 2021,Hapus
141,142,RBTAN59,"Membalas : Di kala IHSG merah, ARTO bisa terbang sendiri, pertanda IPO Toped-Gojek makin dekat
   ",ARTO,11:06:19 AM,Monday April 12 2021,Hapus
142,143,Benhan,"Membalas : arto bukanya naik karena mau ri ya makanya di goreng? udah selesai ri nya tujuan nya apa lagi ya
Belum selesai rentetan RI nya. Modal baru 8T, mau naik ke Buku IV mungkin tahun depan perlu equity 30T jadi bakal ada beberapa kali PUT lagi",ARTO,11:06:06 AM,Monday April 12 2021,Hapus
143,144,nathan,ipo gojek tokped bukanya karena mau nyerap dana dari masyarakat juga? karena investor nya pada cape bakar duit? mirip kaya arto karena mau ri di atas jadi nya harga nya di goreng ya,ARTO,11:06:00 AM,Monday April 12 2021,Negatif
144,145,Chezy,"Membalas : arto bukanya naik karena mau ri ya makanya di goreng? udah selesai ri nya tujuan nya apa lagi ya
mau ngalahin bbca lah ","ARTO,BBCA",11:05:10 AM,Monday April 12 2021,Positif
145,146,Benhan,"Ya ARTO kan kuat story dan actionnya. Ada right issue, ada planning, ada IPO Gojek Toped. Equity naik berkali2 lipat juga penetrasi market rilnya jelas.

Kalau BUMN kan ngandalin swf doank buat bayar utang yg triliunan",ARTO,11:05:03 AM,Monday April 12 2021,Positif
146,147,nathan,arto bukanya naik karena mau ri ya makanya di goreng? udah selesai ri nya tujuan nya apa lagi ya ,ARTO,11:04:07 AM,Monday April 12 2021,Positif
147,148,Benhan,"Target price ARTO dari morgan stanley 14500 untuk base case, 21000 untuk bullish case. Yg udah di dalam, hold aja lebih lama",ARTO,11:03:06 AM,Monday April 12 2021,Netral
148,149,Muhammad Fajar,ARTO gk ada yg mau gwanin naek   ,ARTO,11:02:10 AM,Monday April 12 2021,Positif
149,150,Chezy,"Membalas : Di kala IHSG merah, ARTO bisa terbang sendiri, pertanda IPO Toped-Gojek makin dekat
jerry ng gitu loh",ARTO,11:01:53 AM,Monday April 12 2021,Hapus
150,151,Benhan,"Di kala IHSG merah, ARTO bisa terbang sendiri, pertanda IPO Toped-Gojek makin dekat",ARTO,11:00:12 AM,Monday April 12 2021,Positif
151,152,Tama,"Membalas : wkwk ngaco
Uang kita disono wkwk",UANG,10:54:58 AM,Monday April 12 2021,Hapus
152,153,Tommy Hermes,"Membalas : wskt ptpp wika adhi wton wsbp wege kras bbri bbni bmri    ga skalian bubarin aja bumn?
Harusnya yg di bubarin tuh BPJS","ADHI,BBNI,BBRI,BMRI,KRAS,PTPP,WEGE,WIKA,WSBP,WSKT,WTON",10:44:49 AM,Monday April 12 2021,Negatif
153,154,Erich,"Membalas : Kalo arb berhari hari  
klupaan kaef inaf antm tins jg    ","ANTM,INAF,KAEF,TINS",10:42:15 AM,Monday April 12 2021,Negatif
154,155,            ,"Membalas : wskt ptpp wika adhi wton wsbp wege kras bbri bbni bmri    ga skalian bubarin aja bumn?
   ","ADHI,BBNI,BBRI,BMRI,KRAS,PTPP,WEGE,WIKA,WSBP,WSKT,WTON",10:41:16 AM,Monday April 12 2021,Negatif
155,156,Jee Satya,"Membalas : wskt ptpp wika adhi wton wsbp wege kras bbri bbni bmri    ga skalian bubarin aja bumn?
Kalo arb berhari hari  ","ADHI,BBNI,BBRI,BMRI,KRAS,PTPP,WEGE,WIKA,WSBP,WSKT,WTON",10:41:09 AM,Monday April 12 2021,Negatif
156,157,Erich,"Membalas : Bbtn, pgas, what next...  
wskt ptpp wika adhi wton wsbp wege kras bbri bbni bmri    ga skalian bubarin aja bumn?  ","ADHI,BBNI,BBRI,BBTN,BMRI,KRAS,PGAS,PTPP,WEGE,WIKA,WSBP,WSKT,WTON",10:40:34 AM,Monday April 12 2021,Hapus
157,158,Jee Satya,"Bbtn, pgas, what next...  ","BBTN,PGAS",10:37:15 AM,Monday April 12 2021,Hapus
158,159,Melvin E. S.,https://www.indopremier.com/ipotnews/newsDetail.php?jdl=PGN_Tahun_Ini_Bakal_Raih_Laba__Setelah_2020_Rugi_Akibat_Sengketa_Pajak&news_id=382467&group_news=RESEARCHNEWS&taging_subtype=BUMIMERUGI&name=&search=y_general&q=BUMI&halaman=1 Ada berita Pelipur lara buat PGAS  yang ARB... stay calm...,PGAS,10:26:08 AM,Monday April 12 2021,Hapus
159,160,Fajar Suryo,bersih ya PGAS,PGAS,10:10:24 AM,Monday April 12 2021,Positif
160,161,Erich,"Membalas : bbtn itu emg ada insider trader nya sih, masih inget di arb in sehari sebelum rups, berarti dah tau ga akan bagi deviden padahal
welcome to ihsg    ",BBTN,10:08:14 AM,Monday April 12 2021,Hapus
161,162,Chezy,"bbtn itu emg ada insider trader nya sih, masih inget di arb in sehari sebelum rups, berarti dah tau ga akan bagi deviden padahal laba naik ampir 600%
ya begitulah bandar berkuasa di saham  ",BBTN,10:06:59 AM,Monday April 12 2021,Negatif
162,163,levi,BBCA posisi sekarang udah bgs blm ya?,BBCA,10:06:32 AM,Monday April 12 2021,Positif
163,164,Tommy Hermes,"Membalas : Bbtn knp ua
Mungkin ada bad news yg belum keluar",BBTN,9:57:14 AM,Monday April 12 2021,Negatif
164,165,Ocha,Bbtn knp ua,BBTN,9:56:26 AM,Monday April 12 2021,Hapus
165,166,Rey,"Membalas : MARI ATH kah?
Yup",MARI,9:55:39 AM,Monday April 12 2021,Positif
166,167,Dank,MARI ATH kah?,MARI,9:55:14 AM,Monday April 12 2021,Positif
167,168,Mic,Mari fly,MARI,9:50:44 AM,Monday April 12 2021,Positif
168,169,Neo Cortex,"Membalas : MLPL HAKA otw 200 (ATH)
Reason nya apa? 


YukNabungSaham",MLPL,9:50:14 AM,Monday April 12 2021,Positif
169,170,RBTAN59,"hanyaeffect korelasi dr mppa... kepentingan nya sih blom ada yg significant
kalo mppa sangat jelas kepentingan nya wajar kalo msk uma kemudian di suspend...    ",MPPA,9:41:23 AM,Monday April 12 2021,Hapus
170,171,Mic,MLPL HAKA otw 200 (ATH),MLPL,9:40:01 AM,Monday April 12 2021,Positif
171,172,RBTAN59,"Membalas : Pgas terjun bebas...bsok terjun lagi nih  
effect bpjs tk    ",PGAS,9:39:20 AM,Monday April 12 2021,Hapus
172,173,Fajar Suryo,ACES jebol bawah,ACES,9:34:40 AM,Monday April 12 2021,Negatif
173,174,Jafar Sim,"Berarti area mainnya dibawa ke sini, harusnya tidak akan dibawah 6037 eh tadi uda paling rendah 6035 ya?  
Ini adalah foto",SINI,9:30:26 AM,Monday April 12 2021,Negatif
174,175,Dharma,Pgas terjun bebas...bsok terjun lagi nih  ,PGAS,9:26:55 AM,Monday April 12 2021,Negatif
175,176,Alfian,"Pnbs mg udah mulai jualan, be careful",PNBS,9:26:11 AM,Monday April 12 2021,Hapus
176,177,Jee Satya,"MLPL, beneran gak ya ",MLPL,9:25:55 AM,Monday April 12 2021,Hapus
177,178,Rui :rocket: :speedboat::dancer: ,"Membalas : SAME yuk gaskeun
Waktu break ATH minggu lalu volumenya kecil kak ... ko takutnya false break ya ... bisa turun lagi  ",SAME,9:24:20 AM,Monday April 12 2021,Negatif
178,179,Jimset,"Membalas : Waaahh ihsg kebakaran 6048 sempat 6035 , waaaa bbkp 515 apakah karena feeling saya ihsg hari ini closing ijo makanya realnya ihs
mau naik kok susah banget om Jafar?  ",BBKP,9:22:58 AM,Monday April 12 2021,Hapus
179,180,Steven,bjtm ,BJTM,9:22:33 AM,Monday April 12 2021,Hapus
180,181,Tommy Hermes,SAME yuk gaskeun,SAME,9:20:52 AM,Monday April 12 2021,Positif
181,182,Jimset,"Membalas : ESSA nya kakak    
jangan disebut2 dong  ",ESSA,9:20:42 AM,Monday April 12 2021,Hapus
182,183,Puspita Wardani,ESSA nya kakak    ,ESSA,9:18:51 AM,Monday April 12 2021,Positif
183,184,Hendra Widjaja,TKIM knp ya kok arah ke ARB lagi?  ,TKIM,9:18:43 AM,Monday April 12 2021,Negatif
184,185,Dane Fernando,Truk,TRUK,9:14:43 AM,Monday April 12 2021,Hapus
185,186,Lukas Santoso,"Membalas : Waaahh ihsg kebakaran 6048 sempat 6035 , waaaa bbkp 515 apakah karena feeling saya ihsg hari ini closing ijo makanya realnya ihs
wah Pak Jafar the real BANDAR nih....   ","BBKP,REAL",9:14:25 AM,Monday April 12 2021,Hapus
186,187,Jafar Sim,"Membalas : the power of hidden bearish divergence !
Waaahh ihsg kebakaran 6048 sempat 6035 , waaaa bbkp 515 apakah karena feeling saya ihsg hari ini closing ijo makanya realnya ihsg kebakaran? Lukas",BBKP,9:13:40 AM,Monday April 12 2021,Negatif
187,188,Tommy Hermes,"Membalas : PGAS knp ya ARB
Karena merugi akibat sengketa pajak",PGAS,9:09:29 AM,Monday April 12 2021,Negatif
188,189,Alzur Zanni,PGAS knp ya ARB,PGAS,9:08:57 AM,Monday April 12 2021,Negatif
189,190,Tommy Hermes,PGAS pelan pelan yuk mas,PGAS,9:07:56 AM,Monday April 12 2021,Hapus
190,191,      ,mppa suspen ya?,MPPA,9:02:48 AM,Monday April 12 2021,Negatif
191,192,Eru Yagami,Bener kan PGAS arb,PGAS,9:02:07 AM,Monday April 12 2021,Negatif
192,193,Benevelen,Pgas gmn,PGAS,9:01:58 AM,Monday April 12 2021,Hapus
193,194,DenmasBams,HAKA MPPA :rocket:,MPPA,9:01:50 AM,Monday April 12 2021,Positif
194,195,IHSG BS GAGAL ELLIOT WAVE & KE 6500 JIKA DOMESTIK KOMPAK BUY NAIKKAN HRG BURSA..,Pgas rugi tu,PGAS,9:01:39 AM,Monday April 12 2021,Negatif
195,196,HAKAHIKI VX,Kenapa ya pgas,PGAS,9:00:55 AM,Monday April 12 2021,Hapus
196,197,Anwar S,Hora umum PGAS,PGAS,8:59:18 AM,Monday April 12 2021,Hapus
197,198,Petro,"Membalas : Jangan2 malahan yg enteng naiknya soalnya retail biasanya jiper pegang saham yg LK rugi/turun...bandar happy pegang harga bawah
Arb dlu pgas",PGAS,8:58:55 AM,Monday April 12 2021,Negatif
198,199,R O N I :registered: :copyright:,Dibanting PGAS nya  ,PGAS,8:56:48 AM,Monday April 12 2021,Negatif
199,200,nathan,"Membalas : Tp apa ngga mungkin buat Om ET angkat harganya supaya BPJS yg katanya sangkut bisa lepas spt KAEF & INAF ?
Emang tau dari mana bpjs gk avg dwon? Gk ada kewajiban juga buat angkat sekarang bisa aja angkat nya 3 taun lagi  ","INAF,KAEF",8:52:45 AM,Monday April 12 2021,Hapus
200,201,Lukas Santoso,"Membalas : Gk ada sentimen buat terbang tinggi kecuali terjun lebih tinggi  
  
Membalas : Gk ada sentimen buat terbang tinggi kecuali terjun lebih tinggi  
Tp apa ngga mungkin buat Om ET angkat harganya supaya BPJS yg katanya sangkut bisa lepas spt KAEF & INAF ?","INAF,KAEF",8:50:19 AM,Monday April 12 2021,Hapus
201,202,Lukas Santoso,"Membalas : PGAS mau arb nggak ya?
Jangan2  malahan yg enteng naiknya soalnya retail biasanya jiper pegang saham yg LK rugi/turun...bandar happy pegang harga bawah...  ",PGAS,8:48:08 AM,Monday April 12 2021,Hapus
202,203,Eru Yagami,PGAS mau arb nggak ya?,PGAS,8:45:45 AM,Monday April 12 2021,Negatif
203,204,Candra Basuni,"Membalas : Inj yg bikin sesi 2 kemarin arb. Entah hari inj arb lagi pa ngk. Moga mantul.
Tkim yg arb, liat aja inkp mantul beneran apa ga dr ma200nya","INKP,TKIM",8:20:13 AM,Monday April 12 2021,Negatif
204,205,Taufiq,"Membalas : Beda Nasib! Laba Bersih TKIM Drop di 2020, Laba INKP Melesat http://detik.id/6sRL72
Inj yg bikin sesi 2 kemarin arb. Entah hari inj arb lagi pa ngk. Moga mantul.","INKP,TKIM",8:15:37 AM,Monday April 12 2021,Negatif
205,206,to the moon and back,"Membalas : Beda Nasib! Laba Bersih TKIM Drop di 2020, Laba INKP Melesat http://detik.id/6sRL72
Makin dalam nih tkim wkwk","INKP,TKIM",8:09:36 AM,Monday April 12 2021,Negatif
206,207,Suyanto SK,"bearish trend jangan dilawan, ....kelak kan bull trend kembali, but remember........ bearish divergence adalah tempat untuk bigfund untuk take profit... dan ini biasa cuman cycle yg berulang aja....",BULL,7:42:37 AM,Monday April 12 2021,Bingung
207,208,IHSG BS GAGAL ELLIOT WAVE & KE 6500 JIKA DOMESTIK KOMPAK BUY NAIKKAN HRG BURSA..,"Ihsg bs naik jk domestik bersatu buy..ga ad cerita turun.. pada taking profit maka ga naik2.. mari gagalkan elliot wave dan naikkan ihsg ke 6500
Ini adalah foto",MARI,7:32:47 AM,Monday April 12 2021,Positif
208,209,VIVIE,"Good morning,

Dow jumps nearly 300 points to a record high, gains 2% for the week

U.S. stocks climbed to record levels and closed out Friday at their session highs as Wall Street wrapped up the week with solid gains amid rising reopening optimism.

Dow.......33801   +297.03 +0.89%
Nasdaq.13900   +70.9      +0.51%
S&P 500..4129   +31.6      +0.77%
 
FTSE...... .6916    -26.5       -0.38%
Dax........15234   +31.5       +0.21%
CAC........6169     +3.7         +0.06%

Nikkei...29918    +248.0     +0.84%
HSI........28678    -338.4      -1.17%
Shanghai .3450  -31.9         -0.92%
ST Times..3185  -1.9           -0.06%

IDX.....6070.21   -1.51        -0.02%
LQ45.....906.49  -0.12        -0.01%

JAKMIND.....995.97    -4.13        -0.41%
JAKCONS....1693.27 +1.76       +0.10%
JAKTRADE...880.60   +4.13       +0.47%
JAKBIND......963.39   -12.19       -1.25%
JAKAGRI...1440.06    +1.05        -0.07%
JAKFIN.. ....1392.19   +10.41     +0.75%
JAKPROP......360.04    -3.34        -0.92%
JAKINFR...1044.80      -2.33        -0.22%
JAKMANU..1281.36    -6.26        -0.49%   
JAKMINE....1802.57    -43.97     -2.38%
 
*Indo10Yr..6.6601 -0.0180     -0.16% *
*ICBI....312.4994   +0.4758     +0.15% *
US10Yr..1.6660    +0.0340      +2.08%
*VIX.......16.69    -0.26         -1.53% :bangbang:*
  
USDIndx .....92.1630  +0.1040 +0.11%
Como Indx...186.74    -0.63       -0.34%
(Core Commodity CRB)
BCOMIN..... .144.96   -1.59       -1.08%

IndoCDS.....84.5904  -0.6305   -0.74%
 (5-yr INOCD5)  
 
*IDR.....14565.00   +40    +0.21%:bangbang:*
*Jisdor....14580    unch   +0:bangbang:*


Euro.........1.1900  -0.0014    -0.12%


TLKM........23.01    -0.36       -1.54%
(3354)
EIDO..........21.67    -0.02       -0.09%
EEM...........53.55    -0.46      -0.85%

Oil.............59.32       -0.44       -0.74%
Gold ......1744.80     -11.50     -0.65%
Timah....25672.50   -92.50     -0.36%
Nickel...16640.00    -180.00   -1.07%
 
Coal price.....93.10   -0.70     -0.75%
(Apr/Newcastle) 
Coal price.....85.50   +0.05    +0.06%
(May/Newcastle)
Coal price.....67.55   +0.35    +0.52%
(Apr/Rotterdam) 
Coal price.....67.75   +0.80    +1.19%
(May/ Rotterdam)
 
CPO(Jun)....3768      -20         -0.53%
(Source: bursamalaysia.com)             
Corn..........577.25     -2.50      -0.43%
SoybeanOil...50.93   -0.48      -0.93%
Wheat....... 640.50   +10.00    +1.59%

Wood pulp.5512.50   unch     +0%

( *DE*/ *Phintraco(AT)*  12-04-21)
    
*****","GOLD,GOOD,INDX,TLKM,WOOD",7:30:37 AM,Monday April 12 2021,Hapus
209,210,RBTAN59,"Membalas : Terbang CENT minggu ini. Lihat aja  
setuju Om.. spt nya om PW. sdh capai target akum dr public mudahan hari ini aja sdh bisa manteng di 300an  ",CENT,6:56:05 AM,Monday April 12 2021,Positif
210,211,Ed Suwu,"Membalas : @edsuwu Hu apa kabar? Sore gk mancing?
Baru baca . Kabar baik, hu  ",BACA,6:30:36 AM,Monday April 12 2021,Hapus
211,212,Dion,hati2 sama link beginian,LINK,5:15:36 AM,Monday April 12 2021,Hapus
212,213,Benhan,"Membalas : Kemungkinan minggu ini bakal turun om  tapi semoga close minggu depan bikin candle hammer di candle weekly
Terbang CENT minggu ini. Lihat aja  ",CENT,3:02:31 AM,Monday April 12 2021,Positif
213,214,hery,that is not a good way to do a conversation. I have to delete mine as well to avoid confusion.,GOOD,12:02:26 AM,Monday April 12 2021,Hapus
214,215,Satimin Sejati,"Ini CENT Chart Weekly. Satu mingu ijo-satu minggu merah. 

yang menarik minggu kmrn merah. fakta menarik lainnya adalah Candle Hijau selalu high volume, candle merah volumenya kurang dari 50%.
Ini adalah foto","CENT,SATU",11:57:00 PM,Saturday April 10 2021,Bingung
215,216,Meneer Greg,"Jogging slash rondanya sudah?

Kompleks aman?",AMAN,11:38:34 PM,Saturday April 10 2021,Hapus
216,217,hery,"gimana staycationnya? malam ini kok on fire?    ?
Membalas : Lha nggih.... Turki kan turunan-kidul  
bisa  ",FIRE,11:36:38 PM,Saturday April 10 2021,Hapus
217,218,Aho Lie,"Membalas : Photo
Klo liat tren pjg naik pak tp klo motong suport bpk tetapin aja berp % buat tolerasi Clnya tp untuk masuk tergtg bpk plan mau kemn ambil berp 
Membalas : Photo
Klo sabar tunggu harga bawa dikit garis suport bawah yg miring keatas incer daerah situ aja krn cuan tergtg kpn masuk dan kpn krluar dan selalu siap untuk konds   ",PLAN,10:43:38 PM,Saturday April 10 2021,Netral
218,219,Aho Lie,"Membalas : Bisa jadi, toh juga minornya masih uptrend kan om. Mo lebaran lho ini, bulannya matahari dan ramayana
Intinya selalu waspada pak klo yg dilihat gak sesuai keinginsn jd jgn ragu plannya 
Kecuali emang ada plan pjg ya gpp",PLAN,9:56:26 PM,Saturday April 10 2021,Hapus
219,220,Sales ERAA,"Membalas : Widih ada Sales ERAA. Kalo Sales AGII ada ga?
   ","AGII,ERAA",9:32:40 PM,Saturday April 10 2021,Hapus
220,221,GumBall,Widih ada Sales ERAA. Kalo Sales AGII ada ga?,"AGII,ERAA",9:32:11 PM,Saturday April 10 2021,Hapus
221,222,Sales ERAA,"Membalas : ESSA potensi rising wedge ga sih?  Stocashtic juga udah mau death cross
death cross?",ESSA,9:00:40 PM,Saturday April 10 2021,Hapus
222,223,Kaanz',ESSA potensi rising wedge ga sih?  Stocashtic juga udah mau death cross,ESSA,8:57:57 PM,Saturday April 10 2021,Positif
223,224,Mbah Bedjo,"Membalas : Jalan nya sambil ngudut hmsp gk pak?  
O ya jelas kalau it wajib  
Membalas : Wkwkwkwkw luar biasa
Luarbinasa  ",HMSP,7:39:33 PM,Saturday April 10 2021,Hapus
224,225,Benevelen,Bbri lanjut naik/turun lagi,BBRI,7:32:09 PM,Saturday April 10 2021,Hapus
225,226,Avianto,"Membalas : Bbri kira2 turun lgi g nih mau serok wkwkw dari kemarin naik terus apa beli pas payment devidend turun apa naik ya wkwkw
Rasanya yg paling turun kemarin pas ex date utk BBRI. Pas payment gak ngaruh sih biasanya..",BBRI,7:30:52 PM,Saturday April 10 2021,Negatif
226,227,nathan,"Membalas : Photo
Jalan nya sambil ngudut hmsp gk pak?  ",HMSP,7:20:35 PM,Saturday April 10 2021,Hapus
227,228,Benevelen,Bbri kira2 turun lgi g nih mau serok wkwkw dari kemarin naik terus apa beli pas payment devidend turun apa naik ya wkwkw,BBRI,7:19:24 PM,Saturday April 10 2021,Positif
228,229,Mbah Bedjo,"Habis jln  lihat kebunnya SSMS sapa tahu besok terbang
Ini adalah foto",SSMS,7:16:44 PM,Saturday April 10 2021,Positif
229,230,Benevelen,Bbri kira2 turun lgi g nih mau serok wkwkw dari kemarin naik terus,BBRI,6:19:06 PM,Saturday April 10 2021,Bingung
230,231,krm nugraha,"Membalas : Susah bener idup ini ya. Apa aja yg dikerjain pasti dikritik.  
y bginilah hidup. kalo d ladennin trus gabakal ada ujungnya..
",TRUS,6:04:44 PM,Saturday April 10 2021,Hapus
231,232,Dendi Kadarsan,"Membalas : Bbri kira2 pas hari devidend turun g ya mending avg sekarang apa tunggu bagi2 deviden biasanya kan turun
Wah ga tau",BBRI,5:54:27 PM,Saturday April 10 2021,Hapus
232,233,Andreas Teddy,"Membalas : Bbri kira2 pas hari devidend turun g ya mending avg sekarang apa tunggu bagi2 deviden biasanya kan turun
Bukan nya sudah selesai cum date ya?",BBRI,5:54:27 PM,Saturday April 10 2021,Hapus
233,234,Benevelen,Bbri kira2 pas hari devidend turun g ya mending avg sekarang apa tunggu bagi2 deviden biasanya kan turun,BBRI,5:53:35 PM,Saturday April 10 2021,Netral
234,235,Vincenzo,"Membalas : IHSG harusnya bull hidden div ? Atau saya ada salah analisa ?
bener kok, di time frame kecil juga saya lihat harusnya masih bullish",BULL,4:42:21 PM,Saturday April 10 2021,Positif
235,236,Joe,"Membalas : Photo
Nah ini rumusnya, berarti IHSG hidden bull div. harusnya",BULL,4:38:12 PM,Saturday April 10 2021,Positif
236,237,Joe,"Membalas : Minggu ini IHSG berhasil membentuk swing High dari bearish trendnya, namun last candle kemarin membentuk candle merah, dimana te
IHSG harusnya bull hidden div ?
Atau saya ada salah analisa ?",BULL,4:31:46 PM,Saturday April 10 2021,Positif
237,238,Suyanto SK,"Minggu ini IHSG berhasil membentuk swing High dari bearish trendnya, namun last candle kemarin membentuk candle merah, dimana terkonfirmasi ada Hidden Bearish Divergence, yang merupakan sebuah kelanjutan trend bearish setelah sebelumnya terjadi Dead Cat Bounce.
Jangan main main dengan posisi ini untuk trader, effect bisa sangat luar biasa, afalagi kita tahu index kita kena triple kill porto Jamsostek.

Detail penjelasan bisa check disini : https://bit.ly/3mCz6Ox

Happy weekend temen temen semua,
Semoga cuan selalu menyertai temen temen semua.

#investasisahamitubaik
https://www.instagram.com/p/CNhPlDxsIgS/?igshid=1ljl6pxjns53a
",MAIN,3:49:46 PM,Saturday April 10 2021,Hapus
238,239,Bapakne Naila,"Membalas : iya nih, boleh minta link tokonya
Maaf om, ga maksud jualan, cuman info aja ini  ",LINK,10:42:30 AM,Saturday April 10 2021,Hapus
239,240,Solehudin,"Membalas : Photo
iya nih, boleh minta link tokonya",LINK,10:39:33 AM,Saturday April 10 2021,Hapus
240,241,Hendra,"Membalas : https://youtu.be/h6LDOpuM1Xs
Jadi ke bnba gk ini pak
",BNBA,10:25:41 AM,Saturday April 10 2021,Hapus
241,242,Sales ERAA,"Membalas : https://bnpb.go.id/berita/gempa-selatan-malang-m-6-1-berdekatan-pusat-gempa-merusak-jawa-timur-masa-lalu-
bsok ikan manggung gk mbah?
    ","IKAN,JAWA,MASA",10:14:40 AM,Saturday April 10 2021,Hapus
242,243,Mbah Bedjo,https://bnpb.go.id/berita/gempa-selatan-malang-m-6-1-berdekatan-pusat-gempa-merusak-jawa-timur-masa-lalu-,"JAWA,MASA",10:13:32 AM,Saturday April 10 2021,Hapus
243,244,Bapakne Naila,"Ada, saya punya yg keluaran komunitas, jadi translatenya ga aneh kek yg ditoko buku
Ini adalah foto
Membalas : Kalo dilihat sih modelnya breakout trader dan trend following sih om minervini ini Lg tweaking strategi beliyou agar sesuai d
Coba baca lagi, dia bagi titik beli, pas low cheat, cheat, BO","AGAR,BACA",9:49:25 AM,Saturday April 10 2021,Hapus
244,245,Wesley,"Membalas : Joss ini apalagi yg bahasa indo, ga bisa bahasa inggris  
Kalo dilihat sih modelnya breakout trader dan trend following sih om minervini ini  
Lg tweaking strategi beliyou agar sesuai dgn personality saya jg

Cuma bukunya ini jujur, lugas menambah insight","AGAR,INDO",9:46:40 AM,Saturday April 10 2021,Hapus
245,246,Kaanz',"Membalas : Joss ini apalagi yg bahasa indo, ga bisa bahasa inggris  
   ga ada yang translate Indonesia kah pak? ",INDO,9:45:22 AM,Saturday April 10 2021,Hapus
246,247,Bapakne Naila,"Membalas : Mark Minervini - trade like stock market wizards  
Joss ini apalagi yg bahasa indo, ga bisa bahasa inggris  ","INDO,MARK",9:44:47 AM,Saturday April 10 2021,Hapus
247,248,Kaanz',"Membalas : Mark Minervini - trade like stock market wizards  
Terimakasih  ",MARK,9:41:21 AM,Saturday April 10 2021,Hapus
248,249,Wesley,"Membalas : Boleh tau jejak judulnya pak 
Mark Minervini - trade like stock market wizards  ",MARK,9:40:30 AM,Saturday April 10 2021,Hapus
249,250,Wesley,"Membalas : It's always good to structure    Mungkin bisa di-rank berdasarkan weighted dari: 1.eps 2.npm 3.% fr 52w low 4.% to 52w high
Baik pak terima kasih inputnya..
Cba saya utak atik lg pak  
",GOOD,8:53:21 AM,Saturday April 10 2021,Hapus
250,251,Meneer Greg,"Membalas :   sama sama pak.. Kalau berkenan jika ad input data atau analisa tambahan juga boleh pak
It's always good to structure
  

Mungkin bisa di-rank berdasarkan weighted dari:
1.eps
2.npm
3.% fr 52w low
4.% to 52w high

Untuk skala prioritasnya...

Just saying  ",GOOD,8:51:52 AM,Saturday April 10 2021,Hapus
251,252,Melvin E. S.,"Masih menarikkah LINK ???
Ini adalah foto
Membalas : klo dr penjelasannya krn serapan untuk industri turun, wajar sih ada covid jd lesu. pajak bukannya baru kemaren dpt putusan ya?
Susahnya bisnis PGAS. kalo udah kontark beli ke seller harus tetap bayar walaupun tidak diambil (Take or Pay).  Krn itukah muncul Impairment loss yang besar ??? Soalnya penjualan cukup turun dalam..","LINK,PGAS",8:47:54 AM,Saturday April 10 2021,Hapus
252,253,Dion,"Membalas : Sengketa pajak masuk th 2020 ya impairment loss nya gede ini hanya satu kali ya. Thn buku 2021 sdh nggak ada lagi?
klo dr penjelasannya krn serapan untuk industri turun, wajar sih ada covid jd lesu. pajak bukannya baru kemaren dpt putusan ya?",SATU,8:43:30 AM,Saturday April 10 2021,Negatif
253,254,Melvin E. S.,Sengketa pajak masuk th 2020 ya impairment loss nya gede ini hanya satu kali ya. Thn buku 2021 sdh nggak ada lagi?,SATU,8:38:03 AM,Saturday April 10 2021,Hapus
254,255,A rachman,"Membalas : stay safe aja, biasa ini mah, kerak bumi lg cari keseimbangan karna efek gempa pertama kmaren, kedepan sepertinya msh ada gempa2
Iyaaa.om makasih yaaa","BUMI,SAFE",7:57:29 AM,Saturday April 10 2021,Hapus
255,256,rudianto girsang,"Membalas : Gempa Mag: 5.5, 11 April 2021 06:54:58 WIB, 80 km BaratDaya Kab Malang. Kedalaman: 98km https://t.co/V3X4e5GkTr
stay safe aja, biasa ini mah, kerak bumi lg cari keseimbangan karna efek gempa pertama kmaren, kedepan sepertinya msh ada gempa2 lg, tp lbh kecil dan intensitasnya menurun, semoga tidak ada yg lbh besar lg gempanya","BUMI,SAFE",7:54:40 AM,Saturday April 10 2021,Hapus
256,257,Benevelen,"Tlkm senen lanjut naik g nih
",TLKM,11:39:43 PM,Saturday April 10 2021,Positif
257,258,Benevelen,"Membalas : Beda sector ini... Ga bisa dibandingkan Kalau dibandingkan misal tlkm vs isat, bbca vs bbri
Ya bagus yg mana ya ya wkwkw
","BBCA,BBRI,ISAT,TLKM",10:14:20 PM,Saturday April 10 2021,Hapus
258,259,AAN,"Membalas : Inves mending bbri/tlkm?
Beda sector ini...



Ga bisa dibandingkan


Kalau dibandingkan misal tlkm vs isat, bbca vs bbri","BBCA,BBRI,ISAT,TLKM",10:10:30 PM,Saturday April 10 2021,Hapus
259,260,!?,"Membalas : kabupatennya yaa yg kena paling parah... ini aku di gresik kena goyang juga tadi siang
kurang paham bang, tapi keknya iya si. aku di jateng gk nyampe sini alhamdulillah. tapi dikirimin videonya di beberapa daerah parah banget bang
ya semoga segera ditangani dan gk banyak korban",SINI,9:53:03 PM,Saturday April 10 2021,Hapus
260,261,Kaanz',"Membalas : malang keknya bang, ada ini dikirim videonya gatega liat. malang dampit parah banget
Semoga lekas membaik ya om, dan segera ada bantuan dari pemerintah setempat dan para korban dapat di evakuasi dengan aman 
",AMAN,9:22:35 PM,Saturday April 10 2021,Hapus
261,262,Hendro Masori,Kalau Bank jagoan saya BBTN. Kemarin pas crash dapet bagger. Beli 800 an jual 1600 an,"BANK,BBTN",8:30:39 PM,Saturday April 10 2021,Positif
262,263,nathan,"Membalas : Salah satu cara mengurangi resiko saat baru masuk dunia saham adalah fokus ke saham2 blue chip dulu. Atau saham2 yg liquid membe
Pakde apa ada megang saham bc juga?","BLUE,SATU",8:28:45 PM,Saturday April 10 2021,Hapus
263,264,Benevelen,"Membalas : Salah satu cara mengurangi resiko saat baru masuk dunia saham adalah fokus ke saham2 blue chip dulu. Atau saham2 yg liquid membe
Bluchip","BLUE,SATU",8:26:23 PM,Saturday April 10 2021,Hapus
264,265,panjianom,"Membalas : Salah satu cara mengurangi resiko saat baru masuk dunia saham adalah fokus ke saham2 blue chip dulu. Atau saham2 yg liquid membe
:memo::memo::memo::memo::memo:","BLUE,SATU",8:25:08 PM,Saturday April 10 2021,Hapus
265,266,Hendro Masori,Salah satu cara mengurangi resiko saat baru masuk dunia saham adalah fokus ke saham2 blue chip dulu. Atau saham2 yg liquid member LQ45,"BLUE,SATU",8:23:57 PM,Saturday April 10 2021,Hapus
266,267,ko Willy,"Membalas : Wah udah pada nyampe
Pakde kapan lagi ni Po nya saya baru jual bbhi ku ",BBHI,8:07:24 PM,Saturday April 10 2021,Negatif
267,268,TAUFIQI ROMADHON,"Ini adalah foto
Alhamdulillah,...dah nyamp jaket the traders,trim p @hmasori",TRIM,6:59:07 PM,Saturday April 10 2021,Hapus
268,269,hery,"Selamat datang dan Salam Cuan Pol-Polan Sobat TT (The Traders) yang baru join,
1. Harap gunakan nama dan profil picture yang sopan dan jelas;
2. Nama yang aneh-aneh tidak akan dijawab pertanyaan etc;
3. Grup ini fokus dalam pembelajaran dan penalaran di stock market, jadi no stock pick no forex no coin etc;
4. Cek files grup untuk buku-buku penunjang, yang mana analisa teknikal sendiri (yang banyak dibahas di grup ini) dasar-dasarnya bisa dimulai dari buku ""Technical Analysis for Mega Profit"";
5. Untuk mengetahui beberapa hal yang mungkin ingin ditanyakan yang sudah pernah dishare di grup ini,
join channel -> @TheTradersChannel
atau gunakan fungsi search di Tele;
6. Untuk pembelajaran ilmu-ilmu dalam format video dengan penjelasan sejelas-jelasnya silahkan subscribe juga ke channel Youtube,
""The Traders TV with Hendro Masori"", aktifkan lonceng notifikasi, tonton, like dan komen videonya, agar tidak ketinggalan.
Dan juga follow akun Instagram ""Thetraders.saham"";
7. Jika ada pembahasan yang belum dimengerti jangan sungkan tanyakan di grup tapi diusahakan setelah mencari tahu sendiri dahulu, juga jika pertanyaan mengenai saham tertentu sertakan chart atau pendukung lain seperti broksum, berita etc;
8. Owner mengharuskan member untuk belajar mandiri, jangan kaget jika ada pertanyaan ""manja"" yang terabaikan di grup;
9. no pom pom, no tebar fear, no cross link, owner aktif memantau, dalam hal ini ban dan kick bisa tanpa warning;
10. Dilarang buat rusuh atau melakukan hal hal yang membuat kegaduhan (OOT ada waktu tertentu nya, seperti di luar jam bursa atau weekend);
11. No Politik, Iklan and Sara;
12. The Traders tak pernah melakukan promosi, jualan premium etc;
13. Dilarang share SP (Stock Pick) tanpa seijin owner;
14. Dilarang posting YouTube channel lain atau promo grup lain ke grup ini tanpa seijin dari owner (Ban atau kick akan diberlakukan jika terjadi);
15. Hal hal yang belum ada akan dijelaskan/dibahas nantinya.
*Jika tidak berkenan dengan aturan diatas silahkan leave grup*
Thanks
The Traders:tm: since 1 August 2020
""-^-________________-^-""
","AGAR,LINK,MEGA",5:34:28 PM,Saturday April 10 2021,Hapus
269,270,Benevelen,"Bjbr deviden 95 serok g nih wkwkwk
",BJBR,5:02:14 PM,Saturday April 10 2021,Positif
270,271,Charles Prop,"Membalas : sejatinya bolpen itu pinter lho
Kalau ga pinter ga cuan dia 32milyar dr film ",FILM,4:34:33 PM,Saturday April 10 2021,Hapus
271,272,Soebianto,"Membalas : Tadinya sy kira P Budi Liaw & P Billy ini orang yg sama  
Beda ... pak Billy Trader (Trading), sedang P Budi rasanya bukan Trader

https://youtu.be/6b8w0cDpqU4",BUDI,4:22:16 PM,Saturday April 10 2021,Hapus
272,273,Reny,"Membalas : Photo
Tadinya sy kira P Budi Liaw & P Billy ini orang yg sama  ",BUDI,3:58:48 PM,Saturday April 10 2021,Hapus
273,274,krm nugraha,"Membalas : Kecuali BACA saya msh hold for longterm
  ",BACA,3:58:02 PM,Saturday April 10 2021,Hapus
274,275,Arie May,"Membalas : Kecuali BACA saya msh hold for longterm
Funda ny bagus om?",BACA,3:52:44 PM,Saturday April 10 2021,Hapus
275,276,Dream Big,"Membalas : Pilihan bijak, mengingat MG suka guyur
Kecuali BACA saya msh hold for longterm
",BACA,3:26:31 PM,Saturday April 10 2021,Netral
276,277,Syrf Maulana,MG raja tega   ,RAJA,3:25:39 PM,Saturday April 10 2021,Negatif
277,278,THE PROFESSOR,"Membalas : PNBS saya sudah sellm soalnya dia membentuk rambut panjang
Masih ada MG netbuy 5jt lot",PNBS,3:22:32 PM,Saturday April 10 2021,Hapus
278,279,Jay Jay,"Membalas : Saya bagi bahan aja ya ADHI | C-1115 | S-1096 AGII | C-1110 | S-1105 ARTO | C-10025 | S-9968 BBNI | C-6000 | S-5768 BBTN | C-17
senin harga naik ya pak  ","ADHI,AGII,ARTO,BBNI,BBTN",2:26:07 PM,Saturday April 10 2021,Hapus
279,280,Ferry Setiawan,"Saya bagi bahan aja ya

ADHI | C-1115 | S-1096
AGII | C-1110 | S-1105
ARTO | C-10025 | S-9968
BBNI | C-6000 | S-5768
BBTN | C-1735 | S-1727
BRMS | C-81 | S-74
CLEO | C-464 | S-460
GDST | C-114 | S-97
IKAN | C-132 | S-126
INTP | C-12450 | S-12386
IRRA | C-1860 | S-1787
KAEF | C-2670 | S-2618
MEDC | C-605 | S-580
MYOR | C-2650 | S-2590
PGAS | C-1320 | S-1309
TCPI | C-7775 | S-7711
TOWR | C-1105 | S-1099
Barangkali ada yg sukses naik","ADHI,AGII,ARTO,BBNI,BBTN,BRMS,CLEO,GDST,IKAN,INTP,IRRA,KAEF,MEDC,MYOR,PGAS,TCPI,TOWR",1:59:32 PM,Saturday April 10 2021,Hapus
280,281,Mbah Bedjo,"Membalas : Sekawan kalo di bahasa jawa Krama artinya 4 
Sekawan dlm bhs indon sia artinya teman/sahabat hayolooo   ",JAWA,12:31:29 PM,Saturday April 10 2021,Hapus
281,282,KS I,"Membalas : Udah lama Lima sekawan gk tampil bareng,pasti seru nie, pasang alarm biar gk lewat
Sekawan kalo di bahasa jawa Krama artinya 4 ",JAWA,12:30:19 PM,Saturday April 10 2021,Hapus
282,283,Eru Yagami,WSKT DER sampe 1000%,WSKT,12:19:00 PM,Saturday April 10 2021,Positif
283,284,Vincenzo,"Membalas : Sy pikir sdh pak.
Terima kasih pak   
Membalas : terkonfirmasi oleh rsi dan macd. koreksi dulu pak. sampe ketemu di hidden bullish dan reg bull
Baik pak terima kasih atas bantuannya",BULL,12:15:22 PM,Saturday April 10 2021,Hapus
284,285,Rangga P,"Ini adalah foto
terkonfirmasi oleh rsi dan macd. koreksi dulu pak. sampe ketemu di hidden bullish dan reg bull",BULL,12:12:38 PM,Saturday April 10 2021,Positif
285,286,UMAR,"Membalas : Mari wiim udah di resist menuju ath. Semoga minggu depan breakout
Pantau ","MARI,WIIM",11:37:25 AM,Saturday April 10 2021,Hapus
286,287,Ricky Yacob,Mari wiim udah di resist menuju ath. Semoga minggu depan breakout  ,"MARI,WIIM",11:30:02 AM,Saturday April 10 2021,Positif
287,288,Vincenzo,"Maaf pak guru, apakah MARI sudah valid breakout pattern cup?
Ini adalah foto",MARI,11:23:15 AM,Saturday April 10 2021,Positif
288,289,Hendry,"Membalas : Bisa request juga Bandarmology dan TA klo saya sempat akan saya buatkan. mayan nambah nambah kenalan...... Klo hitung bandar d
bole tlng share chart agro pak,thanks",AGRO,11:04:11 AM,Saturday April 10 2021,Hapus
289,290,Melvin E. S.,"Buat yg minta DOID
Ini adalah foto",DOID,11:03:34 AM,Saturday April 10 2021,Hapus
290,291,Jutha Bram,"Membalas : pak jutha trading manual, scan manual apa pake robot pak?
Saya semua serba manual awalnya.

Tp sejak saya sering share2 mindset saya, dan terutama setelah saya ajarkan konsep dasar saya dalam scan saham potensial, entry and exit point berdasarkan volume, bdm berdasarkan net buy/net sell volume, serta time turning point dasar, ada bbrp orang yg awalnya saya ga kenal menghubungi saya, dan membantu bersama sama membuat automated system...
Jadilah bbrp chart2 unik seperti dibawah...

Msh didevelop, tp dikit lg sempurna. Ada auto supply/demand area scan. Ada auto turning point scan. Ada BDM scan, dsb...",AUTO,10:58:56 AM,Saturday April 10 2021,Hapus
291,292,Rays_Man,boleh share chart DOID  ,DOID,10:56:15 AM,Saturday April 10 2021,Hapus
292,293,panjianom,"Membalas : Dunia di mana Greed itu di-celebrate ya pasti ruthless (kejam) sih ya. Tapi ya gapapa, itu realita yg perlu kita sadari saja. Se
good, nambahin dikit. klo di market krn zero sum game antar trader/investor/scalper/bandar maka lu jual gue beli, ada yg ambil untung sedikit aja ataupun besar sekali. tak ada kawan di market. tapi kalo di realita ya tetap bisa berkawan dan bertindak sbg petugas dinas sosial  ",GOOD,10:33:44 AM,Saturday April 10 2021,Hapus
293,294,panjianom,"Membalas : Photo
nah good, SL sedikit dibawah SAR terakhir   ",GOOD,10:26:11 AM,Saturday April 10 2021,Hapus
294,295,Rui :rocket: :speedboat::dancer: ,"Ikutan analisa CENT juga, masi sama kaya kemarin, sepertinya ada VCP dan didukung juga dengan volume yang mengecil

Banyak barang dipindahkan ke retail apakah karena akan RI?   
Ini adalah foto",CENT,10:22:17 AM,Saturday April 10 2021,Hapus
295,296,Melvin E. S.,"Ini sekilas info dari saya ttg CENT semoga membantu. bisa ditambahkan elliot wave lbh menarik, PSAR mau nyenggol di bawah
Ini adalah foto",CENT,10:17:55 AM,Saturday April 10 2021,Hapus
296,297,Charles Prop,"Membalas : Photo
asing uda buang banyak juga. cm yg paling banyak MS masih nahan. tapi markdown di bank himbara ini cukup massive di bulan maret",BANK,10:11:49 AM,Saturday April 10 2021,Hapus
297,298,Jutha Bram,"Membalas : group idx yg mana? idx kan banyak  
Bukan idx saya yg pasti, karena idx saya ga pernah bahas PSAB, apalagi pompom ",PSAB,10:11:36 AM,Saturday April 10 2021,Hapus
298,299,Melvin E. S.,"Teknikal dan Bandarmology BBTN
Ini adalah foto",BBTN,10:02:15 AM,Saturday April 10 2021,Hapus
299,300,Eko Bawono,"#CENT. Huge CnH. Handle 1 minggu.
Ini adalah foto
#CENT. Kira2 bs breakout ga ya?
Ini adalah foto
",CENT,9:56:40 AM,Saturday April 10 2021,Hapus
300,301,Melvin E. S.,List saham saham yg MACD nya Golden cross kemarin... BHIT BNII BNLI BSDE GDST KAEF LINK MEDC SOCI SSIA WINS...  Semoga bermanfaat..,"BHIT,BNII,BNLI,BSDE,GDST,KAEF,LINK,MEDC,SOCI,SSIA,WINS",9:54:46 AM,Saturday April 10 2021,Hapus
301,302,Charles Prop,"Membalas : quarterly review. berikutnya di mei
wah berarti bener ya pak. dlu bbtn juga gitu sebulan sebelum review rajin akum si BK",BBTN,9:47:50 AM,Saturday April 10 2021,Hapus
302,303,Charles Prop,"Membalas : memang bgitu pak. pernah dijelasin pak @hmasori kalo ga salah, di yutub. efek rebalancing ke emiten yang dimasuki dan dikeluarka
betul malah di antm sibuk jualan si BK pas hari H masuk msci ",ANTM,9:35:30 AM,Saturday April 10 2021,Hapus
303,304,Rangga P,"Membalas : saya uda ga ikutin lagi msci pak semenjak dibanting di towr. yg dikeluarin naik yg dimasukin malah sideway cenderung bearish
memang bgitu pak. pernah dijelasin pak @hmasori kalo ga salah, di yutub. efek rebalancing ke emiten yang dimasuki dan dikeluarkan",TOWR,9:34:43 AM,Saturday April 10 2021,Hapus
304,305,Charles Prop,"Membalas : kabar  ya pak kalau ada info. hee. semoga bisa trigger Fund  lain untuk masukin dana segar ke market
saya uda ga ikutin lagi msci pak semenjak dibanting di towr.  yg dikeluarin naik yg dimasukin malah sideway cenderung bearish",TOWR,9:33:24 AM,Saturday April 10 2021,Negatif
305,306,|Poker|Face|:tm:,"Membalas :    msh bnyk loh mindset trader2 itu kaya gitu. Namanya dagang saingan ama tetangga ya kan gitu
Bolehkah sy berpikir bhw disisi lain setan itu sebetulnya membantu ( berjasa ) dalam proses seleksi atas orang yg benar2 setia dgn perintah Tuhan nya?

Ini akan mencontohkan bahwa baik dan buruk meskipun berada pada 2 sisi berbeda tapi tetap dalam satu bangunan yg sama dan hanya kepentingan/tujuan yg ada di diri masing2lah yg bisa menjelaskan nya.

Indahnya kehidupan manusia itu krn terbangun dari sisi baik dan buruk.
Menariknya sebuah pasar krn ada jual dan beli. Kebahagiaan itu LEBIH bisa dirasakan saat berhasil melalui proses yg sulit. Manusia itu punya sisi yg unik. Saat mudah terus justru dia tdk bahagia. Ibarat makan tanpa sambal. Udah jelas pedas tapi kenapa di makan coba? Aneh kan..

Tdk seperti malaikat yg hidupnya monoton. Manusia itu butuh tantangan.
Dan tantangan dlm hal baik dan buruk itulah yg menegaskan sifat kemanusiaan nya.",SATU,9:30:11 AM,Saturday April 10 2021,Bingung
306,307,Eko Bawono,"#MLPL. Kl pake hitam, sdh konfirm htf. Kl mau beli sdh telalu tinggi. Sy prefer pakai orange. Stlh BO pola CUP, naik sekitar 100%. Sy mau nunggu dulu.
Ini adalah foto","MLPL,POLA",9:20:50 AM,Saturday April 10 2021,Hapus
307,308,Rudi Rusbianto,Mungkinkah WIIM jd rokok digital..? ,WIIM,9:02:25 AM,Saturday April 10 2021,Hapus
308,309,Rakhmad Nirmawan Nofendi,"Membalas : Yup. Apakah kira2 targetnya spt itu ya? 
amin",AMIN,9:02:21 AM,Saturday April 10 2021,Hapus
309,310,Rays_Man,"tfas ini fenomenal..
saat 500 ke 700an naiknya slow tp nonstop.. nunggu pullback ga dikasih.. eeee...lgs ngegas   ",TFAS,8:55:54 AM,Saturday April 10 2021,Positif
310,311,Rudi Rusbianto,"Membalas : Kl melihat proyeksi, msh prospek. Tetep hati2.
Skrg lg Gandrung ekonomi digital selain ini apa lg ya pak guru yg bisa buat swing ..Sy liat TFAS sama ASSA naik trus tp dah ketinggian. Apa ada yg lain kah","ASSA,TFAS,TRUS",8:54:25 AM,Saturday April 10 2021,Positif
311,312,Eko Bawono,"Membalas : Assalamu'alaikum pak guru..kalo blm punya DMMX apa masih prospek masuk Senin?
Kl melihat proyeksi, msh prospek. Tetep hati2.",DMMX,8:50:54 AM,Saturday April 10 2021,Positif
312,313,Eviros,"Membalas : bener Kang.. kadang kalo ketinggalan chat ribuan, saya prefer search chat by person.. lha Pak Ben ini salah satu WL saya utk sa
Bener,klo terlalu rame jdi sulit nyimak",SATU,8:50:35 AM,Saturday April 10 2021,Hapus
313,314,Eviros,"Membalas : #DMMX : setelah breakout lanjut terus atau pullback dulu? https://www.tradingview.com/x/Y8eYBXip/
Konsol dulu di 500an  ",DMMX,8:46:26 AM,Saturday April 10 2021,Positif
314,315,Rudi Rusbianto,"Membalas : Photo
Assalamu'alaikum pak guru..kalo blm punya DMMX apa masih prospek masuk Senin?",DMMX,8:45:52 AM,Saturday April 10 2021,Positif
315,316,Billy,"Klo di TV ada namanya cRS walaupun angka nya ga sama kaya IBD punya tp menurut saya tujuan nya sama.. Melihat sejauh apa stock tersebut perform vs JCI.. Contoh nya SAME ketika mulai updtrend cRS nya turn + (bar chart warna putih)
Dan masih bisa bertahan diarea + indikasi saham tersebut sangat strong
Ini adalah foto",SAME,8:40:48 AM,Saturday April 10 2021,Hapus
316,317,Isal,"Membalas : Photo
Cantik ya pak kayak same sama sama ath",SAME,8:39:45 AM,Saturday April 10 2021,Positif
317,318,Rays_Man,"Membalas : Selalu menyenangkan membaca tulisan pak benhan. There's always deep thought behind it . Happy weekend pak
bener Kang..
kadang kalo ketinggalan chat ribuan, saya prefer search chat by person.. 
lha Pak Ben ini salah satu WL saya utk saya baca, selain Pak Jutha utk timing, Pak Guru utk chart, tp mmg disini tuh eman banget melewatkan chat utk tdk dibaca   
untung e sdh mulai downtrend jumlah chat nya..","BACA,SATU",8:32:59 AM,Saturday April 10 2021,Hapus
318,319,Dimas Prakoso,"Membalas : Photo
Saya selama 3 hari gtu juga pak,trus saya coba update sistem android di hp..alhamdulillah bisa",TRUS,8:29:01 AM,Saturday April 10 2021,Hapus
319,320,Eko Bawono,"#DMMX
Ini adalah foto
Ini adalah foto
Ini adalah foto",DMMX,8:23:12 AM,Saturday April 10 2021,Hapus
320,321,Eko Bawono,"Membalas : #DMMX : setelah breakout lanjut terus atau pullback dulu? https://www.tradingview.com/x/Y8eYBXip/
Terima ksh sharingnya pak Tommy",DMMX,8:23:00 AM,Saturday April 10 2021,Hapus
321,322,Meneer Greg,"Membalas : rechargeable pak. yg biru tanpa merk  
Dahsyaattt  ",MERK,8:05:24 AM,Saturday April 10 2021,Hapus
322,323,hery,"Membalas : Pak Carik ini batereinya apa sih??
rechargeable pak. yg biru tanpa merk  
Membalas : Dunia di mana Greed itu di-celebrate ya pasti ruthless (kejam) sih ya. Tapi ya gapapa, itu realita yg perlu kita sadari saja. Se
nice words, pujangga  ",MERK,8:03:53 AM,Saturday April 10 2021,Hapus
323,324,Zan,"Membalas : Dunia di mana Greed itu di-celebrate ya pasti ruthless (kejam) sih ya. Tapi ya gapapa, itu realita yg perlu kita sadari saja. Se
setelah baca tulisan om benhan, rasanya seperti disemprot spray gede rasa mentol, ademmm...",BACA,7:41:05 AM,Saturday April 10 2021,Hapus
324,325,Benhan,"Membalas : so sad2 world  
Dunia di mana Greed itu di-celebrate ya pasti ruthless (kejam) sih ya. Tapi ya gapapa, itu realita yg perlu kita sadari saja. Seperti yg disebut teman2 lainnya, ini bukan dinas sosial, bukan pula playground.

Di sisi lain, di dalam kegelapan selalu ada terang.

Nah The Traders ini bagi saya semacam api unggun di malam hari. Menarik gerombolan orang untuk berkumpul, mencari kehangatan dan berbagi cerita dan tawa di tengah kegelapan (kasihan generasi millennial kalau ga pernah rasain hangatnya api unggun).

Setamak2nya manusia, seegois apapun dia, ia juga makhluk sosial. Yg butuh berbagi, curhat (jangan lupa siang ini ada webinar curhat Pakdhe hehe), tawa dan tangis bersama. Inilah menariknya manusia.

Dari berbagi ini, kita bisa belajar. Saling menasehati, dan menemukan gudang ilmu sekaligus  rumah  yang nyaman.
Walau ada juga yg pamer cuan, karena butuh recognition. Wajar, kembali lagi itu karena ego manusia, sebagian mendapatkan kesenangan dari pujian.
Sebagian lagi murni senang berbagi, karena ia pernah mengalami  suffering  dan ingin  menolong  supaya org lain tidak alami hal yg sama. Tapi secara general manusia punya dua sisi tersebut: sisi individualis dan sosial.

Cuan itu efek samping dari ilmu dan pengalaman, akan terjadi dg sendirinya dan tidak jadi obsesi buat saya karena I m not trading for living.

Bagi saya yg menarik dari gabung di The Traders ini adalah pertemanan yg membuat kita tidak  kesepian  di dunia yg dominant dg keegoisan ini. Bercengkerama di sini bisa hadirkan sisi kita yg lain, manusia yg juga makhluk sosial.
Saya rasa itu visi founding fathers dan juga rekan2 senior di sini, dan hal yg mungkin juga dirasakan member2 yg sudah kadung nyaman di sini. Termasuk Anda yg silent reader...

Cuan tetap masing2 tapi kita bisa tetap berbagi kebahagiaan dan kesedihan di sini. Karena ada yg dengerin. Itu kadang lebih bermakna daripada cuan pol polan, tapi sendirian. Dan jelas lebih indah daripada loss sendiri kemudian amit2... bunuh diri (pasti karena ia merasa sendiri).

Sorry buat curhat panjang ini. Abaikan saja kalau ini rasanya ga penting buat Anda. Bukan buat didebatin bener/tidaknya.   ",SINI,7:19:55 AM,Saturday April 10 2021,Hapus
325,326,Bapakne Naila,"Membalas : #DMMX : setelah breakout lanjut terus atau pullback dulu? https://www.tradingview.com/x/Y8eYBXip/
Knp harus pullback?",DMMX,7:10:21 AM,Saturday April 10 2021,Hapus
326,327,Lee Khong Huan,"Paman Sam gonta ganti cetak rekor ATH terus    trio DJ, SP dan Nasdaq ganti an...
Ini adalah foto
",TRIO,5:08:58 AM,Saturday April 10 2021,Positif
