Pesan,Status
"Asing juga tinggal dikit sih kayaknya keluar juga ngak ngefek amat
Yg serem skrg ritel byk eui
Membalas : Photo
Kalau liat berdasarkan makin muda taun kyknya kgk efek ke IHSG alias ijo besok
Kalau copet mau IHSG merah atau ijo yg penting sore cuan dan kosong porto
",Positif
"Membalas : Ia om  
Sentimen ijo kuat soalnya dimana mana Dilini masa ijo, tapi hasil akhir yg menang yg guyur ttp follow theoney",Positif
"Membalas : Mohon pencerahan om, aturan CL 2% (atau berapapun) ini ..terhadap total modal atau terhadap modal per trade ya?
Idealnya sih dari modal per trade yah. Kan cuan juga targetnya modal per trade. Tapi kalo mau dari overall modal juga boleh aja. Tapi ngincer TP cuannya pastinya dari overall modal juga  ",Positif
Haka antm 1jjta lot,Positif
"Membalas : mau tanya, volume dikatakan tinggi itu kalau diatas volume rata"" candle harian atau gmn ya?
Kalo menurut saya volume dikatakan tinggi apabila transaksi hari ini lebih besar dari transaksi hari sebelumnya, baik tekanan jual atau beli, mungkin ada yang ditambah lagi dari teman  correct bila salah",Positif
"Membalas : Info dari Rm Alfius, Komisi Kepemudaan Keuskupan Makassar:  Mgr dan Para Romo serta teman2 sekalian... kami aman. Tidak ada kor
Syukurlah tdk ada korban jiwa dr umat.
#CENT. stlh sinyal wiseman1 valid ungu justru naik utk sementara orange. Struktur harga dan volume oke. Hmmmm
Ini adalah foto
#ANTM. Sinyal wiseman1 valid. Formasi candle sinyal buy. Hmmmm
Ini adalah foto",Positif
"Membalas : Kalo sudah kenal betul sahamnya sih ada kemungkinan. Cuman memang risky yah. Kecuali capital all-in nya tidak terlalu besar, kat
Ya pak Jimmy kenal pola dr awal ditarik dan biasanya memang sudah uptren dan posisinya 
1. Mantul dr ma 5 or ma 20 
2. Mantul dr support candle",Positif
"AGRO mantul di 1035
Ini adalah foto",Positif
"Membalas : Ne ap mksdny?
Kalo jebol mungkin mantulnya di fibo 0.5 om",Positif
"Yah itu yg sy maksud.. banyak jg retail yg "" gambling""  beli saham di hari LK krn prediksi di LK nya profit. Lalu saat LK keluar dan benar profit, maka  saham naik hr itu, kemudian TP di sore hari. 

Tetap ini masuk kriteria yg di sampaikan WB tadi
Menurut pendapat sy loh. Yg beda pendapat yah monggo
",Positif
"Yup berarti benar day trading = zero sum game. 

yg cuan dapat uang dari yg boncos. 

Beda bila cuan di karenakan harga saham naik di sebabkan krn keberhasil perusahaan mencetak laba. Ini bukan zero sum game.
Saat org pegang saham bbrp waktu lalu harga naik saat LK keluar profit besar... maka banyak org tertarik saham tsb shg saham naik harganya",Positif
"CENT memang menarik dari chartnya, apalgi kan mau RI juga bisa cuan njedog tuh ",Positif
"Membalas : Iya jg, kadang sdh CL, harga malah naik lagi, kejadiannya di TINS dulu
Saya sekrg di cent  padahal udah komit mau sampai target e...iseng pdhl beli dpt di 226 itu harga plg tinggi lgs haka naik terus sampai 300 e..turun jual dulu 272.  Naik lagi fomo beli 280 trus turun gsk tahan maksd mau cl trus masuk lg malah lebh tinggi tp srkrg udh plus dikit ",Positif
"Membalas : Tp ingat says pernah udah cl masuk kslah cepet malah dpt avg lebh tinggi jadi gak ada yg 100%bener
Iya jg, kadang sdh CL, harga malah naik lagi, kejadiannya di TINS dulu  ",Positif
"Membalas : Krn waktu itu says persis pegsng bbtn begitu berits krluar naik 600%nsik tinggi says cuan lumyn saya udah bilg ama saudara sampa
Betul pasti pullback krn bbtn baru break ath 2020 jan kemarin. Tapi masih akan naik lagi mengikuti kinerjanya. Ini berlaku buat saham2 lain jg yg punya kinerja positif",Positif
CENT nya potensi SSP dong ,Positif
"Membalas : Deviden bagi pun jg ga akan besar. Dan ga ada artinya. Toh bbtn selama ini nyari duit dari kupon obligasi, yg harus dibayar bung
Krn waktu itu says persis pegsng bbtn begitu berits krluar naik 600%nsik tinggi says cuan lumyn saya udah bilg ama saudara sampai target 2000 kits tinggsl bener 2100 lebh lgs amblas bgt gak bagi deviden krn kbr bagus dan gak ngaruh banget ke saham sori ini pribadi bisa beda2 analisa gak kelar2     ",Positif
"Membalas : Contoh yang barusan kejadian adalah BBTN. Dirut ditarik org luar. Investor ngerasa kebijakan bbtn ini uda bagus, tapi berhub org
Klo nurut saya begitu bilg untung nsik 600%lrbh tp deviden gak bagi  ",Positif
"#JPFA,  potensi bikin HnS
Ini adalah foto",Positif
"Membalas : Wah terimakasih insightnya Pak... Jadi garis ungu itu batas CL kalau entry skrg di 1005 ya?
Grs ungu sinyal buy dr candle",Positif
"Membalas : Jadi saat break volume tinggi baru masuk buat optimal entry ya? Kalau mau spekulasi cicil2 waktu sudah mulai mendekati MA50W nya
Iya ini waktu posisi nya market baru mau turn bull kang.. Skrg kan beda lg.. Skrg cari pivot entry ketika Saham2 yg lg otw uptrend.. Bisa flat base.. Bisa cnh atau rounding",Positif
"Membalas : Photo
wkwkwkwkwkkwk hasil cuan MPPA d balikin lg k perusahaannya ya pakde",Positif
Lanjutkan. Pamit dulu waktunya belanja ke MPPA....  ,Positif
ANTM minggu depan ARA wajib pantau beritanya baru di buat media    ,Positif
"Membalas : berkat guru-guru disini pak benhan   semenjak para guru disini sharing pengalaman, saya berpendapat tidak perlu waktu lama untu
Kalo udah cuan 10% gak ada salahnya take profit.

Kalo dipraktekkan 10x aja modal udah grow 100%",Positif
"Membalas : Mantap, set stoploss di berapa skrg DOID
engga cutloss jadinya pak, malahan jadi profit  ",Positif
"Membalas : Photo
Kalau lewat 1040, saya beli. Sama kayak analisa @sitotom tadi
",Positif
"Saya hbs CL bbrp saham , makanya cari ganti , posisi triangle eh blm bo malah avrg down tapi malah saham tsb naik lagi dgn akumulasi asing hehe kadang kedistract antara akum asing vs support resis",Positif
"Membalas : Saya lagi ragu pak Rakhmad, krn uda tinggi tapi masi uptren dan topik pagi ini Adalah avrg down
Kalau benar avg Anda 1020, ga perlu ragu Bu. Saya rasa Senin ini ga akan sempat avg down karena harganya dah naik duluan ",Positif
"Membalas : ini pada case saat terlanjur dalam https://www.tradingview.com/x/bvz254Wp/
Mantap ini!!     

Kalau saya sendiri waktu CENT turun k bawah 250 saya CL krn beli avg up jdnya dpt di 262
Kamis setelah bottom lalu membentuk hammer hijau dg volume bagus baru saya masuk lg, di 250 juga",Positif
Smra masi uptren,Positif
"Membalas : 1020
Kalau avg nya segitu, harga closing kemarin 1005, kenapa avg down? Mending tunggu dia konfirm naik baru avg up",Positif
"Pagi TT , apa ini saat yg tepat buat avrg down smra ? Di 1000 sd 950?
Ini adalah foto",Positif
"Tentunya average down saat belum capai toleransi cutloss ya masih OK. Misalnya SAME pas koreksi sebelum RI dan kemarin2 CENT pas koreksi dikit saya avg down masih OK, karena cuma turun sedikit belum reversal trend",Positif
ISAT :rocket:,Positif
Yukss mumpung hari libur qt wisata ke taman AGRO agar fress hari senin,Positif
"Membalas : Membaca pengalaman suhu2 di sini dan berkaca dari pengalaman pribadi, rule nomor 1 trading itu memang PASANG STOP LOSS! Bahkan G
Setuju kakak... pasang stop loss ditiap posisi. Upgrade to trailing stop buat take profit.

Karena take profit itu juga sama penting nya dengan stop loss. Supaya bisa lihat account kita grow atau tidak.",Positif
akra pak bisa dilirik,Positif
"Temen disini waktu covid bulan Maret ada yg potensi loss sampai 70% tapi habis skg sdh berbalik profit hampir 100%..klau ada angkat jempol nya   
Maret 20 ya bukan yg skg",Positif
"Membalas : CENT nya dipantau bu Saya liat bagus tunggu konfirm Koreksi kalau salah
CENT kebetulan kemarin sudah masuk kak begitu dia ngebentuk mjolnir hijau dengan volume bagus, thank you remindernya   

Eko Bawono Aminnn pak, kalau itu sampai terwujud        cup nya cantik banget soalnya  ",Positif
"Kl sy mau beli same, buy jk tutup di atas angka2 di atas. Kl lancar, sapa tau akan  
Ini adalah foto
Ini adalah foto",Positif
"Membalas : Photo
CENT nya dipantau bu 

Saya liat bagus tunggu konfirm
Koreksi kalau salah",Positif
"Ijin berbagi analisa juga, hari ini SAME menunjukkan buyer kembali memasuki arena namun tertahan dibawah fibo 0.5 atau area sell signal dari Pak Guru Eko
Apakah besok akan berlanjut kenaikannya, atau akan kembali turun untuk mendekati MA20nya, karena selama ini MA20 selalu dicolek dulu sebelum ngegas  

Saya akan menunggu di area MA20 tersebut
Ini adalah foto",Positif
"Membalas : Photo
Kl diliat dr history gris hitam sblmnya ad potensi break keatas pak.. dlm weakly lbh cantik candle nya..",Positif
"Membalas : Photo
jika lanjut naik dengan volume menurut saya >458, jika buy on weakness 416 *untuk perjalanan ke 500 harus melewati resistnya di 474 (by body)
",Positif
"Kalau saya, yakin akan retest ke garis support hijau dulu. Klo berhasil bertahan di atas support, mungkin saya cicil beli, klo dia break garis hitam baru saya avg up",Positif
"TT nya udah jebol resistance, menuju ATH nih ",Positif
Terimakasih juga pak @JuthaBram  view nya tentang indeks semoga juni bisa cuan njedog  ,Positif
TT Ara lagi banyak dari grupnya pak jutha hahha,Positif
"Membalas : Kagak tau padahal dah mute kan?
Asix juga dengar masak2 di grub saham mungkin ini kodenya saham icbp ya minggu depan.",Positif
Lg goreng Ikan mungkin  ,Positif
"Membalas : Yang haka antm tins inco mcas mukanya beseri2 pasti   
Saya Haka ESSA saja kemarin  
",Positif
"Membalas : ANTM TINS INCO MCAS HAKA
Yang haka antm tins inco mcas mukanya beseri2 pasti   
",Positif
"Membalas : Yup, swing low confirmed. Semoga 1 april akan jadi last chance to buy before start to retest 6550 lagi di april-Mei...
Semoga bisa yiha2 lagi setelah musim tanam kmrn. Aamiin",Positif
"Membalas : Nah sekarang sudah resmi suhu @JuthaBram. Terima kasih bantuan forecast-nya...
Yup, swing low confirmed. Semoga 1 april akan jadi last chance to buy before start to retest 6550 lagi di april-Mei...",Positif
cakep ya antm,Positif
"Membalas : Mau tp ritail gak ngikut  
lumayan yang serok tadi cuan 3%  ",Positif
"Membalas : Jadi pola htf nya pak ?
Harusnya jadi ya, konfirmasinya senin kalau harga naik tinggi dengan  volume tinggi juga,",Positif
Ihsg hijau gini ramai ya giliran merah diam semua   ,Positif
Kija mulai gerak,Positif
"Membalas : Pastikan lamar jabatan level Management ya Pak...karena itu MSOP bukan ESOP
AGRO MESOP pak, employee dapet juga.. ",Positif
"Membalas : saya ga nyadar pak sudah dari maret sudah pasang gtc baru nyadar siang tadi heran kok tiba tiba cash nambah tapi kalo tembu
yes, ihns besar banget... masing2 shoulder 3 bulan bikin base-nya.",Positif
"Membalas : wahaha.. lama bat. say abaru seminggu juga udah mulai gerah nih.
saya ga nyadar pak sudah dari maret sudah pasang gtc baru nyadar siang tadi heran kok tiba tiba cash nambah   
tapi kalo tembus >630 memungkinkan buat ihns itu",Positif
ihsg 7000 :rocket::rocket::rocket::rocket::rocket: ,Positif
"Membalas : Yeay IHSG tembus 6180
   ",Positif
Yeay IHSG tembus 6180,Positif
"Membalas : Jgn salah yg tumpah piringnya byk  
sold barusan kena tins",Positif
masa2 kejayaan antm is back  ,Positif
kenyang dah dari tins antm inco hari ini :airplane::airplane::airplane::airplane:,Positif
"Membalas : ampun antm remnya blong  
Semoga ara kasian yg nyangkut byk inget klo udh untung buru2 Tp",Positif
ampun antm remnya blong  ,Positif
"Membalas : Sadis ya om, yg related sama pat.wal. :police_car:
iya private equity yah gt kerjaan nya beli perusahaan yg babak belur di benerin ud cantik baru jual   . investasinya yg nyangkut kyknya di DOID waktu akuisisi BUMA di harga 1145 gak salah",Positif
Banking uda rally. Sip ihsg ketahab,Positif
DGNS serok arb ngab :rocket::rocket:,Positif
"Membalas : Keinget saham MASA om, siapa tau ada cerita yg sama kd go private gitu , dpt durian runtuh kalo sahamnya bener
northstar untung byk abis placement masa ke michelin sejak itu saham""nya northstar pada aktif",Positif
"Membalas : Harus liat produk ny jg si pak kenapa bs mau go private. Sngt minim sekarang prusahaan mau go private apalagi lg pandemi gini BU
Yak betul, cerita kaya saham MASA pasti dijaga ketat juga ga bole bocor alus",Positif
Saya sih yakin cent bakal ke 300 lebh ..ya...masalh lebhnya nih kira2 dilebihin 100 200 atau 2000       ,Positif
Udh 5 kali lipat itu gais kalo beli di maret tahun lalu xixixi,Positif
"Membalas : Enak kan beli AGRO Rp285 perak harga pasar 11xx   auto chuan gede benar
sm kayak bjtm ini mesop2 ya",Positif
"Membalas : Ini sih bukan saya pastinya    Tapi lumayan kan ANTM digoreng dari 700-an ke 2300-2400. 3x lipat dalam waktu setengah tahun
cent mgkn bisa jg 3x lipet yah Om   ",Positif
Enak kan beli AGRO Rp285 perak harga pasar 11xx   auto chuan gede benar,Positif
"Membalas : Asing yang beli RI Arto sih pinter, beli nya di harga disc 70%an dari harga pasar, smart....
Ini spt karyawan AGRO dikasih beli harga disc 70%an dari harga pasar ya pasti mau kan chuan lsg, apalagi di dokumen nya gak ada kata2 lock up",Positif
"Asing yang beli RI Arto sih pinter, beli nya di harga disc 70%an dari harga pasar, smart....",Positif
"Membalas : kmaren"" jg beli antm pada bilangnya sama karna masa depan 
Ini sih bukan saya pastinya   
Tapi lumayan kan ANTM digoreng dari 700-an ke 2300-2400. 3x lipat dalam waktu setengah tahun",Positif
Nah ini. Ihsg drtd naik terus. Koreksi bentaran. Ntar kl dibawa turun ya lumayan jg.,Positif
"Membalas : dari segi mana om saingan bbca? harga saham? atau bisnisnya?
Bisnisnya dong, akuisisi oleh gojek dan kita tau customer / pengguna gojek brp banyak di seluruh Indonesia",Positif
"Membalas : uda takut. MG aja uda jarang nongol di antm 
Hari ini nongol..makanya naik  ",Positif
"Membalas : kmaren"" jg beli antm pada bilangnya sama karna masa depan 
antm sudah masuk msci harga sudah dijaga. ga akan sevolatile dulu lagi",Positif
"Membalas : Beli ARTO karena masa depan lah. Itu PBV ARTO belum update karena equity nya skrg sekitar 8T setelah right issue. PBV skrg sekit
Saya beli arto karna digoreng...berharap digoreng terus dan terus...dan terus.. ",Positif
"Membalas : Beli ARTO karena masa depan lah. Itu PBV ARTO belum update karena equity nya skrg sekitar 8T setelah right issue. PBV skrg sekit
kmaren"" jg beli antm pada bilangnya sama karna masa depan ",Positif
"Membalas : Yang seperti ARTO ini jarang2 mungkin setahun cuma ada 3-4 emiten yg growthnya secepat ini. All leading to momennya Gojek IPO. I
kalau ditarik ke belakang chartnya 3-5tahun lalu, anda pasti ngerti kok kenapa ini saham dari 100perak jadi 5000 dibanting ke 100 lagi dengan sangat cepat
Membalas : Setuju, saingan nya BBCA
dari segi mana om saingan bbca? harga saham? atau bisnisnya?",Positif
"Coba digital bank pake PEG om, PE/EPS growth.
Membalas : Telat taunya klo tau dr dulu org kemarin waktu blm nsik harga 226 saya beli trus jyal tp sempet fomo waktu 280 tp gpp udh avg do
Siap om   ",Positif
"Membalas : Waktu 180 ga dilirik om  
Telat taunya klo tau dr dulu org kemarin waktu blm nsik harga 226 saya beli trus jyal tp sempet fomo waktu 280 tp gpp udh avg down jd udh lumyn pas harga 240",Positif
"Saya mantau aja pak,all the best hehehe. Saya jg punya pandangan oke kok ke arto.",Positif
"Yang seperti ARTO ini jarang2 mungkin setahun cuma ada 3-4 emiten yg growthnya secepat ini. All leading to momennya Gojek IPO. Ini blueprintnya sudah jelas dan eksekusi Right Issuenya sempurna. Sayang kalau terlewatkan. 
Di dalamnya ada North Star pula. Banyak boxes ticked!  ",Positif
"Beli ARTO karena masa depan lah. Itu PBV ARTO belum update karena equity nya skrg sekitar 8T setelah right issue. PBV skrg sekitar 16x. Sudah masuk kategori Bank Buku III.
Terus bakal right issue terus sampai equitynya capai 30T masuk Bank Buku IV. Perkiraan 2022 lah tercapai.",Positif
"haka bvic MG mulai masuk, AVG 177. masih harus di kerek naik ke 180-185",Positif
"Waduh piye toh masih AVG, yg baru msk pagi aja ini udah cuan salah kamar ya",Positif
"Membalas : Hehehe ya udah hari ini ada buto ijo jd cerah smg yg nyangkut kmrn bisa keluar
Saya avg down terus pak biar gak ketinggian",Positif
Pas banget ya ANTM dikerek ke atas hari ini karena ada presscon battery holding. Begitulah cara market maker bekerja,Positif
Klo cent sampai april kyknya prospektus keluar tp harga udsh diatas 300     ,Positif
"Membalas : Ga ngedoain kok pak, cuma nawar ala ibu ibu aja   
Mudah2an dibalik sma malaikat jadi Ara gak usah byk2 5x aja   ",Positif
Antm TP selanjutnya 2800,Positif
"Membalas : Suhu master Aho adalah spesialist CENT pak suhu master intel khong guan @Rovipr
sampai2 semua saham yg ijo dilihatnya ticker CENT  

peace ya, salam cuan",Positif
"Membalas : Yang nyambung direply itu camp pak   
Kirain orgnya nanys kenaps Cent nsik    maklum efforia",Positif
"Membalas : ANTM TINS INCO MCAS HAKA
Ya haka congrats udh cuan ya",Positif
"Membalas : kenapa naik tinggi om? ada isu apa?
Dia itu dulu isunya mau ikut distribusi salah satu vaksin kalo gk salah, makanya naik kenceng",Positif
"Membalas : kenapa naik tinggi om? ada isu apa?
Waduh gak tau bakal Ri tp jadwsl brlum keluar klo prediksi sih bisa diatas 300  
Membalas : kenapa naik tinggi om? ada isu apa?
Catet hr ini klo tutupnaik bisa diatas 7 % senin selasa siap2 Ara    ",Positif
"Membalas : AK nyerok Cent
Prospek",Positif
AK nyerok Cent,Positif
"Membalas : Photo
Ini yg saham salah satu diprediksi pak HS akan nsik tinggi   ",Positif
"Membalas : @RuiAuxilia Mb klo BBYB itu cumdate nya kapan to...kq di rti ma stockbit beda
Di rti belom update kayaknya, cumdate bbyb uda tgl 24 kemaren",Positif
"Membalas : merasa berdosa jual d 3400 dulu
Waduh beruntung d ong hr ini udh terbg mash 2300 an mau pakai jet pribadi ke 3400   
Membalas : bahagia nyerok smalem sore om wkwk
Nyeroknya hrs jelas dulu    ",Positif
"Mana suara Brms    
Membalas : banyak yg bahagia yah kalau antam naik
Ia byk yg nyangkut",Positif
"Membalas : https://www.tradingview.com/x/4w4bOHjN/ Biar teknikal yg mnjawab hha
mantepp,, dah jebol resist kah ?? otw 2600 kah ???",Positif
PKPK ara gak nih,Positif
Antm nyangkut 8% terbayar lunas dgn hati yg tenang..gak minus lagi....trmksh pak sopir,Positif
ANTM :rocket:,Positif
antm kalo bertahan di atas 2350 sesi satu strong,Positif
harga nikel timah biasa aja..antm tins ijo tebel  ,Positif
"Membalas : Target 300 hbs itu gby my love   
36/264 = 13,6% cuan kotozz kotoozz!",Positif
"Membalas : Naaah kalau bapak Aho ini spesialist CENT, mohon banyak banyak kasih masukan tentang CENT yaa
Target 300 hbs itu gby my love   
",Positif
IHSG semoga menuju 6200 dan bertahan disana,Positif
MIKA masih bisa bikin higher high gak ya? Masih sangkut d 2900,Positif
"Membalas : ARA kan CENT :rocket:
Udah 2x tik tok mas   ",Positif
ARA kan CENT :rocket:,Positif
"bvic mantap. yok masuk, sblm ketnggalan",Positif
"Membalas : bisa juga 6-7-8-9  
Tulisan suhu master Billy     agak mencurigakan kalau ada tulisan wiim nya spti orang kalau baru pertama kali ketemu cici guru @RuiAuxilia grogi salfok    agro aja agro ajaaa skrg 1055",Positif
"Membalas : jgn disebut2    nanti rame, khusus orang sabar wkwkw
koh Billy muncul di komen WIIM ini udah menjadi selling point tertentu. nilai Plus  ",Positif
CENT nya kek nya juga potensi HTF?,Positif
"Membalas : WIIM nya masih ada 
@wealth88 nih kak ada calon HTF lagi kalau tertarik    tp kalau mau entry saran saya ya memang nunggu hTFnya confirm dulu",Positif
ARA kan BVIC,Positif
"Membalas : it's ok lah gak HTF juga. asal base nya kuat, apapun bisa terjadi kyk waktu itu IMAS gagal confirm pattern, tpi volume masih
Iya, ga HTF bukan berarti ga naik ... saya komen kak @wealth88 karena dari kemarin semangat sekali biar HTF di DMMX   ",Positif
Haka WMUU,Positif
"Membalas : Photo
Tapi kayanya kudu ARA ini biar jebol resisten 496nya biar HTF kak  ",Positif
"Membalas : Volumenya juga mesti besar bukannya pak ?
Nope, tudei masih masa konsolidasi volume harus rendah, senin baru meroket dengan volume besar, saya pasang buy 408 all in ga dapat  nih stress saya  ",Positif
"Membalas : pak, biarkan saja senyap  
Oh iya ya    woke deh agro aja ayok ayok agro skrg 1060 feeling saya hari ini agro closing di 1030 
1030-1134-1208-1290 siapa mau serokk 1060 1060 ayok ayok",Positif
Same uda 450,Positif
antm dorong ihsg  ,Positif
Mantoelll nih same,Positif
"Membalas : Jd ingat film Capt Phillips :ship:
Kaya insight sahamnya bakal naik ya pak",Positif
"Membalas : Should be wise at the current condition of the market? I mean Mark meenermini just wrote a single notice that it may be only a s
cek lagi twitternya minervini bu... dia bilang dia stupid, sering CL tapi habis itu sahamnya terbang. sekelas minervini yang gain portonya sudah 57% YTD aja ngalamin kok  ",Positif
"Membalas : berita 2 hari lalu 
Ketika berita positif dikeluarkan untuk salah satu emiten, itu pertanda akumulasi sudah cukup dan insider siap TP. Ngundang retail buat beli",Positif
"Reminder aja ya, hari ini ijo bukan berarti ihsg meroket to the moon, hari ini ijo berarti mgkn senin merah lagi   supaya hati hati aja jgn terlalu euforia   bagaimana pendapat pak @JuthaBram  ",Positif
"Membalas : Photo
Msh ada peluang ijo kok om, coba backtest ke crash 2008. 2 hari yg lalu yaitu kemaren dan lusa lalu pas ultah bottom IHSG, candlenya sama persis kyk 2009 pas ultah bottom thn 2008. Klo history repeat itself, besok berarti ijo.",Positif
"Membalas : [BREAKING] BBRI memutuskan untuk membagikan Rp12 triliun atau sekitar 65% dari laba bersih tahun 2020. Dengan demikian, dividen
Di newsnya bukannya 160an ya?",Positif
"Membalas : Ada yg main binary option binomo di grup ini? Mau tahu mrk benar atau nggak cara kerjanya terutama chart, sistem deposit / with
Binomo illegal",Negatif
"Membalas : Ada yg main binary option binomo di grup ini? Mau tahu mrk benar atau nggak cara kerjanya terutama chart, sistem deposit / with
Traffic data di chart bisa dimainkan pak
 kalo profit 80% trader, 20% buat pihak sana, loss ya 100% trader 
Blm trmasuk permainan slippage dan requote",Negatif
"Membalas : Ada yg main binary option binomo di grup ini? Mau tahu mrk benar atau nggak cara kerjanya terutama chart, sistem deposit / with
Kalo mau cepet miskin bisa main itu om  ",Negatif
"Ok mksh..
Ada yg main binary option binomo di grup ini? Mau tahu mrk benar atau nggak cara kerjanya terutama chart,  sistem deposit / withdraw dan web nya. Kabarnya sering di blokir situsnya sama kominfo. Mksh..",Negatif
"Membalas : Fix besok merah dullu ihsg kak
Bukan di jkt, klo di jkt kemungkinan besar merah...",Negatif
"Membalas : https://amp.kompas.com/nasional/read/2021/03/28/10385551/ledakan-di-depan-gereja-katedral-makassar-polisi-sebut-bom-bunuh-diri
Fix besok merah dullu ihsg kak",Negatif
"Membalas : Intinya sih risiko loss = risiko cuan Om. Sebelum siap cuan 2%, maka harus siap loss 2% juga
cari yg RPTnya minim 2 kali dong om, cuan dikit amat hehe
",Negatif
"Membalas : Idealnya sih dari modal per trade yah. Kan cuan juga targetnya modal per trade. Tapi kalo mau dari overall modal juga boleh aja.
Kayaknya Ngeri klo 2%dari total om..loss 5x aja udah down banget tuh mental..apalagi kata buku itu loss 10x dulu sebelum bener",Negatif
"Membalas : Mohon pendapat dari teman2 yang sudah senior di sini. Pertanyaan dari pemula. Mengenai saham DOID. Apa perlu diavg down ketik
Tergantung plannya bapak, kalo uda kecemplung porsi gede dan jebol support bagusan SL tapi kalo masih dikit bisa avg down di support selanjutnya",Negatif
"Membalas : Iya betul pak. Nah itu tadi pak Jimmy bilang kalau salah satu kunci trading itu  hindari keramaian . Tapi kenapa ada jg yg bilan
Saya bukan Suhu ya Pak. Masih belajar juga, sedikit di atas niubi lah.

Mungkin pake contoh aja ya yang gampang, ANTM. 

Sampai Kamis minggu lalu. Pasar masih pesimis dengan ANTM. Ada yang bilang harga bandar di 1700. Ada yang bilang mau ke 1000, dsb. Keramaian jelas berada di sisi pesimis.

Nah Jumat lalu, secara chart terlihat kalo tutupan Kamis bisa jadi titik reversal. 

Dan kalo yang mengamati aliran akumulasi, terlihat big player konsisten masuk bertahap di 4-5 hari terakhir.

Dan kita tahu akhir bulan ada rencana pengumuman IBH, tapi kita ga tau akhir bulannya kapan, bisa tanggal 25, 26, dsb sampai tgl 30.

Disini terlihat, ""keramaian"" berada di sisi ""pesimis"", sementara market sudah menunjukkan ada ""pembalikan arah"".

Jadi kita mau tes ikut ""market"" atau ikut ""keramaian""?  

Semoga bisa dipahami ya. Memang tipis bedanya, tapi ya itulah kurang lebih benang merahnya. Mirip kaya liat divergen trend. Kadang selip mata  ",Negatif
"Ikut rules nya pak Billy berarti antm magnetnya ke bawah?
Ini adalah foto",Negatif
"Membalas : betul, mau gimanapun retail tetaplah retail. selalu ada istilah cuan jual ini yg bikin retail ga akan pernah bisa ngalahin banda
Memang betul hedgefundnya rugi gede2an. Namum selalu dalam peperangan pasti banyak retail kena sembelih   ",Negatif
"Membalas : Photo
Iy senin tkt jebol krn rilis lap keu kelek",Negatif
"Membalas : Sependek amatan saya avg down itu boleh dg pertimbangan2: 1. Sahamnya memang liquid 2. Mengenali S&R dg cermat 3. Penggunaan dan
Lebih tepat sebenarnya konsep avg down adalah beli mencicil di satu emiten yg sama. Setelah selesai (mencicil sistem piramida, cicil 2,3,4 kali, dengan alokasi misal 20% total porto) tapi harganya lalu tetap turun 6% dari avg, cutloss. Kalau yg pembelian sekaligus (juga alokasi 20% porto) dan harganya turun juga 6% cutloss. Jadi konsepnya tetap disiplin cutloss saja dari alokasi 20% porto kalau harga turun 6%. Incar lagi saham yg sama setelah trend nya jadi bullish atau cari saham lain.  ",Negatif
"Membalas : Mungkin WB belom pernah menikmati cuan dari scalping Karena buat apa dia sudah kaya raya, hehe
Kalau lihat perjalanan WB. Dia loss bnyk tu di awal. Bahkan berkshire nya itu adalah salah satu kegagalan dia",Negatif
"Makanya sy koq merasa, banyak teman2 sy yg masih baru di market belum sadar kalo day trading itu zero sum game. 

Jadi kalo dia boncos, pasti ada org lain yg cuan. 

Beda kalo dia beli saham hari ini melihat prospek bagus , akan bagi deviden gede. Eh ternyata 2 minggu kemudian, gak bagi deviden (spt kasus BBTN), wajar kalo dia out dr saham itu krn kebijakan manajemen tdk sesuai yg di harapkan. 

Tapi kalo day trading, dia masuk pagi, sore dia jual... (krn apa dia jual), pasti krn udh cuan kecil (TP) atau krn rugi kecil (CL).",Negatif
"Tapi yang arb masih 7% aja sudah banyak yang sensi, ga kebayang kalo arb sudah 25% lagi akan seperti apa   ",Negatif
"Membalas : Tim nawar harga ala emak emak saat itu akan senang hu  
Beli di ara lalu dibanting ke arb pake margin pula.. Duh saya pernah bgt dlu kaya gini. Haka saham ga jelas di running trade, selesai market senggol bacok   ",Negatif
"Kl balil arb normal, biasanya masnya pasang ts brp persen mas?",Negatif
Ideal nya emang balik lg ke arb normal  .. Tp ya... Siap2 aja yg ga biasa arb 6% goyang nya mantap,Negatif
"Membalas : Ci Rui maksdnya ARB simetris apa ya? Noted tadi bahas tapi tidak mengerti mksdnya? 
ARB simetris itu turun 25%",Negatif
"Pak @JuthaBram 

Berarti.  Ini ihsg sdh swing low ya?

Nda turun ke 5800 atau 6000 lg?


Senin pasti org2 pada haka kyk nya..

Apa kita sdh. Mulai masuk fase Party sampe juni?",Negatif
"Contoh yang barusan kejadian adalah BBTN. Dirut ditarik org luar. Investor ngerasa kebijakan bbtn ini uda bagus, tapi berhub org luar masuk maka bakal ada rubah kebijakan lagi dan belum tentu sinergis. Makanya itu saham lsng drop sampe lumayan dalam",Negatif
"Membalas : Mumpung belum ilang, segera cari opsi pengganti nya
Nah ini sangat setuju hu Ferry ...  Saya sih lebih serem nanti kl ARnya dibuat simetris lagi, ga bisa nyantai2 lagi ah ARB cuma 7%   CL harud super ketat dan money management juga",Negatif
"Membalas : Ini nih yg namanya cut your loss and protect your profit  
berkat guru-guru disini pak benhan  
semenjak para guru disini sharing pengalaman, saya berpendapat tidak perlu waktu lama untuk bisa ""cut your loss and protect your profit"" atau sederhanakan saja menjaga modal
cukup akui kesalahan dan belajar dari kesalahan   
*notes jika ada yang bertanya saat itu kesalahan terbesar saya dimana, itu saat asri dan dkft htf (disini saya tidak mempersiapkan TS ataupun SL)",Negatif
"Membalas : engga cutloss jadinya pak, malahan jadi profit  
Benar, maksudnya dah pasang stoploss buat Senin? Kemungkinan bisa turun lagi nih",Negatif
"Membalas : Saya lagi mau coba ini di next trade: never average down. Kalau loss artinya kita salah masuk, ya cepat keluar. Cari opportunit
Minervini itu juga ga pernah average down ternyata...just cut if you make wrong decision.",Negatif
"Membalas : Kalau benar avg Anda 1020, ga perlu ragu Bu. Saya rasa Senin ini ga akan sempat avg down karena harganya dah naik duluan
Tadi pagi saya diskusi ama tmn via pm di bantah ama dia, jelek itu smra , makanya saya cari second opinion",Negatif
"Saya lagi ragu pak Rakhmad, krn uda tinggi tapi masi uptren dan topik pagi ini   Adalah avrg down",Negatif
"Membalas : Average down saya selama ini cuma berhasil untuk keluar di break even modal. Dan itu butuh berminggu2 nunggu reversalnya... Di
Avg down di saham sebenarnya sama saja membeli lagi saham (tapi code sahamnya sama) di harga yang lebih rendah berharap akan naik ke harga breakevennya atau lebih. Sama saja dengan cutloss saham tadi terus membeli saham lain yang diharapkan akan naik juga (cuma kode saham nya pasti berbeda). Karena sudah salah posisi harusnya jangan avg down. Pindah ke lain saham.",Negatif
"Kalo turun, kita average down 2x di bottom",Negatif
Sudah paham sebenernya resiko loss di saham itu ada. Tapi pada saat itu terjadi susah sekali untuk mengambil keputusan cut loss...,Negatif
Saya ga akan putus assa lg ampe pinjem KTA .. Itu same aja balik lg ke lubang hitam.. Mending natural aja.. Wish me luck....  ,Negatif
"Membalas : Cut lost dulu aja pak senen. Beli yang ASIIk biar bisa join ngobrol disini
Saya ijin KBAG keuangan dulu pak kalau mau cutloss....  ",Negatif
"Membalas : Sahamku LPPF bingung dirangkai jadi kata apa ya   
Cut lost dulu aja pak senen. Beli yang ASIIk biar bisa join ngobrol disini",Negatif
"Membalas : Masih mending sih pinjem bank buat trading ketimbang margin. Kalau margin kan ada margin call dan harus force sell kalau pinjem
Loh saya pinjem ke bank nya terus dipake trading pake margin.. Kurang apa   ",Negatif
"Membalas : Saham mana yg arb berhari2
IKAN mungkin wkwk",Negatif
"Membalas : anak forex TA nya kuat nih  
Loss di forex pahit pak. Lossnya sampe ambles2 ga bersisa krn leveragenya lebih dashyat puluhan sampe ratusan kali lipat dr margin ihsg",Negatif
"Membalas : Back Test kenaikanorpenurunan Ex date SS.pptx
wah, BRPT kemarin tidak menyenangkan yah",Negatif
"#SAME. Sy ga pnya, dan ga pnya intensi apa pun. Grs hitam mnrt sy sinyal jual by candle. Hebatnya GPL lgsung naik lg. Sinyal sell terbaru muncul Rabu. Kamis muncul hammer. When to buy?
Ini adalah foto
",Negatif
"Membalas : Td pas pak HM bahas passion, sy trtarik hehe.. krn gini, ini kan arb msh 7%, dsaat arb 7% market koreksi trader2 yg bru join di
Pasang stoploss 5% aja dijamin aman dari ARB mau berapa persenpun. Asal bukan di saham yg ga liquid",Negatif
"#CMNP ascending base. Struktur harga - volume kurang bagus. Hr ini ditarik gila2an. Sy pnya tapi saya khawatir .
Ini adalah foto
Ini adalah foto",Negatif
"Membalas : Yup, swing low confirmed. Semoga 1 april akan jadi last chance to buy before start to retest 6550 lagi di april-Mei...
Untuk ihsg?  6050an itu sdh bottom nya pak jutha?  @JuthaBram 

Btw. Wskt cm turun sedikit meskipun lap keu jelek.. dijagain bandar?",Negatif
Waduh CLRA arb da berhari hari,Negatif
Essa ngamuk,Negatif
bmri kemungkinan bid palsu dr tadi ga kuat2 nanjak  ,Negatif
"Membalas : Langsung drop LPPF karena ga boleh mudik
Ini mksdnya pak kadg udh kita analisa dgn berbagai mcm ilmu e kena prank lgs koit   ",Negatif
Langsung drop LPPF karena ga boleh mudik,Negatif
"Membalas : Keinget saham MASA om, siapa tau ada cerita yg sama kd go private gitu , dpt durian runtuh kalo sahamnya bener
masa dah beberapa kali gagal go private nya. harganya kurang seru  ",Negatif
"Membalas : Keinget saham MASA om, siapa tau ada cerita yg sama kd go private gitu , dpt durian runtuh kalo sahamnya bener
Harus liat produk ny jg si pak kenapa bs mau go private. Sngt minim sekarang prusahaan mau go private apalagi lg pandemi gini BU semua",Negatif
"Membalas : Ya kalau kita uda tau mending menjauh saja pak.
Keinget saham MASA om, siapa tau ada cerita yg sama kd go private gitu  , dpt durian runtuh kalo sahamnya bener",Negatif
"Membalas : BBKP akan gitu2 aja selama masih ada Bosowa di dalamnya. Jangan disamakan lah
bosowa sudah tersangka tuh. dan mereka uda mulai lepas sahamnya pelan2. kemarin uda ilang 1% porsi bosowa",Negatif
Ccsi kejam mau right issue bert 2 hr yglalu mau masuk kemrn lgs Ara sekrg lgs Arb sungguh....   ,Negatif
"Membalas : Bakal lbh miris kalau lihat nya BDMN   Harga sisa 1/3
betul bdmn apalagi ya.. Jepang masuk di angka 9000an dibanting sampe 1000an kemarin corona wkwkwk",Negatif
"Membalas : harus lihat supirnya sih pak siapa gampangnya, kalau cuma liat siapa yg invest, tak kasih contoh saja. KB BUKOPIN pengendalinya
Bakal lbh miris kalau lihat nya BDMN  

Harga sisa 1/3",Negatif
"Membalas : harus lihat supirnya sih pak siapa gampangnya, kalau cuma liat siapa yg invest, tak kasih contoh saja. KB BUKOPIN pengendalinya
BBKP akan gitu2 aja selama masih ada Bosowa di dalamnya. Jangan disamakan lah",Negatif
"Membalas : Kalo udah masuk msci kenapa jadi kalem y ? Bandar yg ugal2an dulu pada ke mana? Takut ada satpamnya gitu sekrg y?
uda takut. MG aja uda jarang nongol di antm ",Negatif
"Membalas : Yang seperti ARTO ini jarang2 mungkin setahun cuma ada 3-4 emiten yg growthnya secepat ini. All leading to momennya Gojek IPO. I
Tp pergerankannya udh curam pak. Sesuatu yg naik cepet turunnya cepet juga  ",Negatif
"Membalas : Kalo misal sekarang arb pun belum masuk ke harga yang saya pengen
     jgn lagi dong arb jantung saya takut gak kuat  ",Negatif
Kalo misal sekarang arb pun belum masuk ke harga yang saya pengen   ,Negatif
"Membalas : Ia byk yg nyangkut
merasa berdosa jual d 3400 dulu",Negatif
"Membalas : Tapi kayanya kudu ARA ini biar jebol resisten 496nya biar HTF kak  
it's ok lah gak HTF juga.
asal base nya kuat, apapun bisa terjadi  
kyk waktu itu IMAS gagal confirm pattern, tpi volume masih kecil. cuma delay 1 minggu sebelum :rocket::rocket::rocket:",Negatif
"Baru 10 menit open, BBCA udh dijual asing 50M, awalan yg buruk bagi IHSG   ",Negatif
"Ada apa dengan IHSG sih, sedih. Rasanya kayak di ghosting  ",Negatif
"Membalas : tapiii...bursa lain merah ihsg pasti merah   
seengganya, IHSG tampil apa adanya koh. merah ya merah   tidak membuat tersenyum diawal untuk disakiti kemudian  ",Negatif
"Membalas : tapiii...bursa lain merah ihsg pasti merah   
begitu ihsg merah, aplikasi Protrader saya langsung bug ga bisa liat indeks   ",Negatif
"Membalas : bursa lain bole ijo...ihsg harus merahhhhhh
tapiii...bursa lain merah ihsg pasti merah   ",Negatif
"Membalas : Arb pak
bukan ARB, belum tentu itu.

@C4lcio belum tentu juga pak.

harga sahamnya dibagi pak, jika SS dengan rasio 1:3 misalnya, harga sahamnya jadinya dibagi 3,
tapi lot yang dimiliki juga dikali 3,
semua terjadi ketika exdate, tidak ada proses lagi setelahnya.
hitungan2 bapak diatas itu ndak valid.",Negatif
"Membalas : tahu ndak apa yang terjadi di exdate ketika SS?
Arb pak",Negatif
"Membalas : https://www.cnbcindonesia.com/market/20210326073918-17-232977/catat-erick-umumkan-indonesia-battery-corporation-sore-ini
sell on news?? makin ancur dunk si TIA itu  ",Negatif
"Membalas : Karena masih distribusi. Ini sama dengan SAME juga
Kalo saya sih ngira masih reakum lagi, bikin flag. Belum ada selling climaxnya, volume turun kmaren juga rendah",Negatif
"Membalas : dah seperti ada truk melintang di jalan tol. gak bisa ke mana2. mau muterin tanjung harapan? berapa ribu km tuh.
lagian ga ikutan tren digital2 sih kayak ihsg   stuck kan..coba kapal digital, ga akan stuck lama gitu     ",Negatif
"Membalas : https://www.cnbcindonesia.com/market/20210324141434-17-232525/diskon-gede-karyawan-bisa-beli-saham-bank-agro-murah-meriah
Lanjutkan turunnya  ",Negatif
"INCO area demand, ada yang lagi ngumpul in banyak banget.
Ini adalah foto",Positif
"Membalas : Photo
Tentu ada alasan naik tinggi. Yg sy ingat inkp tkim brpt dan tpia naik multibagger krn fundamentalnya bagus. Lompatan laba ratusan persen didukung penjualan yg juga naik dst..",Positif
"Membalas : Sales eraa ini beneran hehe
ERAA road to 3000
semoga semesta mendukung  ",Positif
"Seperti nya CENT jg potensi membentuk cup and handle juga pak guru Eko Bawono , jika pola SSP gagal minggu ini, kalo dilihat dari volume jg mendukung, bagaimana dengan pendapat pak guru  time frame 4h
Ini adalah foto",Positif
Hrum knp kuat sendiri ya?,Positif
"Membalas : Ada yang bisa jelaskan kenapa bank mayapada arb berjilid2 pasca 3 hari cum date RI? Padahal pas sentimen bank mini terbang, may
Market tidak ada yang tahu pak, tidak semua RI bakalan sukses dan bagus, harusnya tetap berjaga2 ... saya lihat dari awal Maret sampai RI itu MAYA sempet digoreng kencang lho ... dari 3000an k 7000... itu juga diterbangkan kak",Positif
"Membalas : Biasa ada tuh yg beli? Kirain kondisi gini arb ngetem aja ahaha
Ya ngetem berhari2 waktu itu saya, untungnya ada yang ngegoreng lagi jadinya bisa keluar",Positif
"Membalas : Itu volume gede waktu ngangkat bandar atau retail ya?  Apa bukan bandar yg angkat ARA berjilid2 gitu? Kalo gitu bandar + retail
Good question, yg keluarin duit gede buat naikin harga dgn volum setinggi itu masih pada di dalem, suhu2 apa ada yg bs kasih pemcerahan?",Positif
"takut ke 5.800 beneran gak sih tuh? kemrn udh gila2an, masa hr ini juga",Positif
"Membalas : mungkin member sini ada yg nyangkut di BNBA om, makanya dibahas
Kalo diliat pas naiknya itu banyak yang ngomongin sih disini, mungkin iya ada yang nyangkut",Positif
"Membalas : Pak kl misal kita terjebak di saham ARB berhari2 gmn cara keluar terbaik? Mksdnya kita bs mendahului antrian bandar untuk keluar
jauh sebelum opening pasang jualnya dari malam, sisanya berdoa aja semoga ada yang beli  ",Positif
TT langsung ARa,Positif
"Membalas : Photo
buset jantungnya kuat? dari arb jd ara",Positif
"Congrats yg punya era... ARA hari ini
Ini adalah foto",Positif
Ikan sesi 2 ara   ,Positif
"candle volume W2 Cent  lebih tinggi dari candle pertama, candle Volume W3 nya harus lebih tinggi ya untuk SSP nya??",Positif
ERAA jgn ketinggalan kereta :rocket::rocket:,Positif
"Membalas : saya baru sadar hari ini volumenya lumayan besar juga ya
Tanda"" pak, harganya turun tapi volume beli naik ",Positif
"Membalas : Deviden BBCA Final: Rp 530 / lembar Adjustment: Dikurang deviden interim Rp 98 di 22 Desember 2020 Sisa: Rp 432 / lembar Cum d
wow naik 2x dr thn lalu ya",Positif
"Deviden BBCA
Final: Rp 530 / lembar 
Adjustment: Dikurang deviden interim Rp 98 di 22 Desember 2020
Sisa: Rp 432 / lembar

Cum date: 5 April 2021
Ex Date: 6 April 2021
Rec Date: 7 April 2021
Payment Date: 28 April 2021",Positif
"Membalas : Betul pak , pas di fibonacci 0,618 
Perusahaan clover beli diharga 262 pak, jadi kalo jebol di 260 udah ga menarik lagi ",Positif
"Membalas : CENT ke 250 aja lbh menarik
170 lg boleh tak  ",Positif
CENT ke 250 aja lbh menarik,Positif
"Membalas : beli di 302 ya?
buy if break 300 nya pas market jalan  ",Positif
"Membalas : CENT kira kira masih bisa naik ga ya
Semua bisa naik atau turun says yg didlm ngarepin naik sebaliknya ",Positif
Poly yuk gaes entry 72 jual besok 80,Positif
"Membalas : CENT kira kira masih bisa naik ga ya
beli di 302 ya?",Positif
CENT kira kira masih bisa naik ga ya,Positif
"Membalas : *CENT* *Clover Universal Tambah Kepemilikan di Centratama (CENT) Jadi 47,95 Persen* *_Entitas anak dari Northstar Advisors Pte
Ayo haka2 lg  ",Positif
BKSL Gassss,Positif
"Membalas : pasti happy dong minggu lalu aja pembahasan saham lain dikiranya cent  
Kli untung pasti hepi  ",Positif
"Membalas : CENT break 300 minggu ini confirm SSP
Wah CENT yang haka member the traders disini ini  ",Positif
"Membalas : Kata pakde HM kalo break 300 confirm ssp apa nunggu break ya buat avg up
""CENT break 300 minggu ini confirm SSP"", minggu ininya jangan lupa dibaca juga ya pak
missleading nanti jadinya  ",Positif
"Membalas : Makin ramai = biaya yg harus dikeluarkan bandar makin besar maka bisa merusak pola,
Betul  mngkanya jangan diomongin terus 

Ardiyan kalo break bisa cicil jngan all in, tunggu candle konfirm hari jum'at karna hitungan weekly, berhubung jum'at tanggal merah jadi hari kamis ",Positif
"Membalas : Cent masi boleh avg up gak ya?
Boleh asal tau aturan avg up",Positif
"Membalas : Kata pakde HM kalo break 300 confirm ssp apa nunggu break ya buat avg up
Minggu ini bukan hari ini, SSP weekly bukan daily
jadi confirmnya ya nanti kamis
jika mau avg up ya lebih baik saat confirm *jika alasannya pola, jika RI lain urusan",Positif
"Cent jadi rame, bukan saya yg rame in yaa   Aho    ",Positif
"Membalas : CENT break 300 minggu ini confirm SSP
Sy udh curi start duluan pak    ",Positif
"Membalas : SAME gmana ci? Masih boleh masuk?
Saya masi nawar ala emak2 di 420an kak   ",Positif
"Membalas : CENT break 300 minggu ini confirm SSP
Mantap pak de masih fullcash nunggu SSP , udah nunggu dari kemarin ",Positif
CENT break 300 minggu ini confirm SSP,Positif
"Membalas : Gd luck
siyap haka LUCK.  ",Positif
Wah cent ada repo,Positif
"Meneer #ASRI sepertinya ini valid buy y pak  
Ini adalah foto",Positif
serem antm dipagerin 559K lot   ,Positif
"Membalas : Hr ini CENT nya ngegas trs  
Saya gasss...in    ",Positif
Hr ini CENT nya ngegas trs  ,Positif
"Ga da plan trading, ya beli PLAN aja ",Positif
"Membalas : https://www.cnbcindonesia.com/market/20210316115228-17-230456/lunasi-repo-trimegah-sekuritas-lepas-saham-cent-rp-398-m
Cent ini rumournya dibeli Digital colony",Positif
"Bbri deviden rp. 98.9 eeuuyyy
Ini adalah foto",Positif
"Membalas : CENT RI kapan ya? Udah ada tanggal nya kah?
Belom ada tanggalnya, lagi dikerek tu, paling sebentar lagi keluar tanggal RI nya  ",Positif
WIIM ciamik tenan,Positif
"Caution! 
CENT is the buyer for ISAT 4k tower, heard buying at around USD740mn. This is a very good pricing as we are expecting at around USD570-600mn tower sales value.

+ Positive for ISAT as it strengthens the balance sheet and ample of capital for future spectrum acquisition/capex

+ CENT announced their plan for RI, targeting to issue 34bn shares",Positif
"Membalas : CENT nya jgn lupa  
BO kayaknya",Positif
"Berusaha mengakhiri fase downtrend, hr ini BRPT mencoba menembus level psikologis 1.000.

Recommendation: Spec BUY
Target Price I: 1.120
Target Price II: 1.225
Stop Loss: < 930

Disclaimer


Credit: @quantumresearch_idx
Ini adalah foto",Positif
ASSA terbang lg yuk  ,Positif
Wood jpfa main haka,Positif
"Membalas : Essa ada isu apa
Harga amonia naik trs makanya ESSA ngegas tiap hr",Positif
"Dmmx naik tapi tidak dengan volume besar, berarti pola htf nya gagal ya?     ",Positif
"Membalas : BBTN rebound ga si hrusnya gais?
Kemungkinan iya",Positif
"Membalas : https://ekonomi.bisnis.com/read/20210327/257/1373282/cukai-batal-naik-produsen-rokok-kretek-tangan-bernapas-lega#.YF63BZSm09Q.wh
Hmsp bagus ya pak billy karna cukai dibatalkan?",Positif
"Membalas : besok ijo tebel
Bukan masalh ijonya.,tpi trnsaksinya ,.ihsg ijo tpi emiten bluechip dll pda kebakar   ",Negatif
"Membalas : IHSG ijo kok transaksi miskin sekali ya.,,apakah bandar lgi rombongan ziarah religi ???
bandarnya dikrangkeng, ga bisa goreng POSA, MYRX, TRAM, JGLE",Negatif
"IHSG ijo kok transaksi miskin sekali ya.,,apakah bandar lgi rombongan ziarah religi ???  ",Negatif
"Membalas : ERAA road to 3000 semoga semesta mendukung  
Sayangnya semesta gak mendukung   ",Negatif
"Membalas : Bnba dikunci ARB yg kunci bandar?
dibalik aja... liat harga kaya gitu ritel berani masuk kah?",Negatif
"Membalas : Photo
Bnba dikunci ARB yg kunci bandar?",Negatif
"Membalas : pernah coba tapi gagal,krna di setiap jam buka langgsung d ARB, jadinya nyangkut terus
pasangnya harga arb juga... nanti ketika ga dikunci langsung lepas sendiri...
sementara ketika masih dikunci sih ya pasti belon bisa wong ga ada yang buyernya",Negatif
"Membalas : yes
pernah coba tapi  gagal,krna di setiap jam buka langgsung d ARB, jadinya nyangkut terus",Negatif
Gak terlalu meyakinkan buat saya sih,Negatif
"Membalas : Market tidak ada yang tahu pak, tidak semua RI bakalan sukses dan bagus, harusnya tetap berjaga2 ... saya lihat dari awal Maret
Kacau, memang sedikit sekali maya ini total lot harian perdagangannya,

Liat arto RI kemaren, saat ex date, kencengnya bukan main",Negatif
"Ada yang bisa jelaskan kenapa bank mayapada arb berjilid2 pasca 3 hari cum date RI?

Padahal pas sentimen bank mini terbang, mayapada saya liat kalem2 aja ga ikutan terbang, tetap kisaran 7000'an, lalu tujuan RI juga untuk ekspansi bisnis, tapi kenapa ARB berjilid2 ga berkesudahan ya, sudah FL hampir 53% saya   ",Negatif
"Membalas : Begitu tutup bursa, lsg masukkan order sell di harga ARB besok harinya dan berdoa bin berharap ada yang berbaik hati mau jemput
Biasa ada tuh yg beli? Kirain kondisi gini arb ngetem aja ahaha",Negatif
"Membalas : mungkin member sini ada yg nyangkut di BNBA om, makanya dibahas
Saya nyangkut pak, avg 2550 dr untung jd buntung (small portion) thanks buat bei    kalo gada acara suspend suspenan mungkin masih sempet exit sblm dibantai",Negatif
"Membalas : Olt apa yg bisa order sehari sebelumnya pak?
Sesama korban ARB, mau ikut antri  ",Negatif
"Membalas : Photo
Cuman sebatas ARA 3X pak... apa kabar yg ambil dari bawah terus jual di pucuk?",Negatif
Pak kl misal kita terjebak di saham ARB berhari2 gmn cara keluar terbaik? Mksdnya kita bs mendahului antrian bandar untuk keluar?,Negatif
"Membalas : ARB berjilid2 bgni apa nggak di suspend y? Maaf, newbie bertanya.
BEI mah cuek aja",Negatif
"Membalas : Photo
Salah Langkah, Bandarnya sadis, mau d ARB kan brp kali supaya dia puas ",Negatif
Sy kena di BBSI itu...hr trkhir sblum drop udah pasang sell di jam 15.05...ga bisa pasang...besoknya smpai hr ini ada kira2 40an % loss...untung MM nya msh aman...kalau ga amsiong itu...,Negatif
"Membalas : Supirnya mengerikan ini pak guru, sekali dihantem ga dikasih ampun
Pernah dari +10% tiba2 arb wkwk",Negatif
"Membalas : Photo
Domestik yg mst di tindak.. mreka yg td kompak mengarb kan saham hingga ihsg lemah.. tktny ad broker domestik yg jd akun asing",Negatif
"Rombongan KCL,, Korban Cut Loss  ",Negatif
"Membalas : Pakde @hmasori ada 3 sektor yg bisa dijadiin pantauan utk next week. 1. Banking 2. Properti dan konstruksi BUMN yg rata2 besok d
Sangkut brp wskt sy jg sangkut santuy itu bandar sdh habis distribusi.. tgl menunggu wkt diangkat jgn dibahas trs pak biar diam2 dinaikin saham kalau trs dibahas diarb kan bandar nnt.. bandar bertebaran di grup mana2 hati2",Negatif
Sayang amat cent nya ga close d 300 ya pak,Negatif
Ngapain beli antam 3 bulan sekali cuma orofit  11% beli ikan sehari bisa dapat 25% makasih bandar ngehayal terus    ,Negatif
Antm arb,Negatif
akhirnya antim arb wkwk,Negatif
"Membalas : Dpt harga 278 hr ini udh bagus menurut saya 
Hahaha cicil dulu 1 lot pak  rugi pun ga seberapa kalo turun di 268 ",Negatif
IHSG merah saatnya gorengan cryspy  ,Negatif
ikan tuh yg bosen liat ihsg lesu ,Negatif
Sepi amat ihsg cuma 6T  ,Negatif
"Membalas : Sdh diem yuk biar senyap dulu,biar turun dulu, nanti beli lg  
Gak bkln kash turun dibawah 278 klo pegamatan saya",Negatif
"Membalas : Betul disitu ada area suportnya , cmiww
Sdh diem yuk biar senyap dulu,biar turun dulu, nanti beli lg  ",Negatif
"Antm kemarin terbangin indeks, skrg jd beban indeks  ",Negatif
"Membalas : 224 lagi plis
ARB brp kali ini  ",Negatif
"Membalas : Photo
Hampir aja nyesel jual di 298",Negatif
Hk closing aja biar aman  ,Negatif
ihsg mulai nyungsep ,Negatif
gmana brani jalanin swf kl masi sering bom sana sini?    ,Negatif
"Membalas : Dalem banget wskt nya , untung sempet keluar dari kmrn kmrn
Saya baru keluar td di atas, skrng liat ambles dalam rasanya ingin jadi ironmen wkwkwk",Negatif
"Dalem banget wskt nya , untung sempet keluar dari kmrn kmrn  ",Negatif
wskt rugi 9T. lg dibenahi kok. tadi uda ada berita restrukturisasi. apa nanti ada berita jualan tol? restrukturisasi himbara?,Negatif
"Membalas : .... Ya mmg saya salah sih. Beli di pucuk Ga cutloss Rugi 9t wskt And swf ga ngaruh tnyt..
Cutloss wskt 9t ?",Negatif
"....  Ya mmg saya salah sih. Beli di pucuk

Ga cutloss

Rugi 9t wskt
And swf ga ngaruh tnyt..",Negatif
"Pakde @hmasori ada 3 sektor yg bisa dijadiin pantauan utk next week.
1. Banking
2. Properti dan konstruksi BUMN yg rata2 besok dapag dukungan momentum pembalik
3. Coal mining yg masih bullish...


Pak @JuthaBram 


Konstruksi  wskt break 1300 pak jutha..

Turun trus ga ada abise..

Apa ak jual saja kah

Loss gila2an.. 30% an",Negatif
"Ihsg ijoo, kok sepi yaaa, lemah lesuu",Negatif
"Membalas : Pantau KPAL
TP?",Negatif
"Membalas : ANTM saham pertama yg saya latihan untuk trading.. itu saham cocoknya 200 poin TP sekali 200 poin TP sekali.. jgn krn mau TP byk
Wkwk bner om.,ANTM dan TINS satu family.,xlo abis rally 150-200 point loyo dah
Emg pas buat celap celup  ",Negatif
"permintaan saya mudah, jangan mampir ke cent ataupun wiim ya udah gitu aja",Negatif
"Membalas : Ga punya pasangan om, sendirian dari dulu 
sudah TP gjtl ckkckckck",Negatif
"Membalas : Dmmx naik tapi tidak dengan volume besar, berarti pola htf nya gagal ya?     
Minggu ini harus breakout kalo tidak bisa berarti pola HTF gaga  ",Negatif
Ada yg tau kenapa bbca downtrend ? Kira2 suport terdekat dmn ya?,Negatif
"Membalas : Wah sabotase ?
Pure bencana",Negatif
"Membalas : Lha kan kemarin sudah janji sama bu Nana  
Trimakasi Meneer saya baru sampe rmh, besok pagi baru bisa baca lbh detail, 

slamat malam dan beristirahat",Negatif
"INCO area demand, ada yang lagi ngumpul in banyak banget.
Ini adalah foto",Positif
"Membalas : Photo
Tentu ada alasan naik tinggi. Yg sy ingat inkp tkim brpt dan tpia naik multibagger krn fundamentalnya bagus. Lompatan laba ratusan persen didukung penjualan yg juga naik dst..",Positif
"Membalas : Sales eraa ini beneran hehe
ERAA road to 3000
semoga semesta mendukung  ",Positif
"Seperti nya CENT jg potensi membentuk cup and handle juga pak guru Eko Bawono , jika pola SSP gagal minggu ini, kalo dilihat dari volume jg mendukung, bagaimana dengan pendapat pak guru  time frame 4h
Ini adalah foto",Positif
Hrum knp kuat sendiri ya?,Positif
"Membalas : Ada yang bisa jelaskan kenapa bank mayapada arb berjilid2 pasca 3 hari cum date RI? Padahal pas sentimen bank mini terbang, may
Market tidak ada yang tahu pak, tidak semua RI bakalan sukses dan bagus, harusnya tetap berjaga2 ... saya lihat dari awal Maret sampai RI itu MAYA sempet digoreng kencang lho ... dari 3000an k 7000... itu juga diterbangkan kak",Positif
"Membalas : Biasa ada tuh yg beli? Kirain kondisi gini arb ngetem aja ahaha
Ya ngetem berhari2 waktu itu saya, untungnya ada yang ngegoreng lagi jadinya bisa keluar",Positif
"Membalas : Itu volume gede waktu ngangkat bandar atau retail ya?  Apa bukan bandar yg angkat ARA berjilid2 gitu? Kalo gitu bandar + retail
Good question, yg keluarin duit gede buat naikin harga dgn volum setinggi itu masih pada di dalem, suhu2 apa ada yg bs kasih pemcerahan?",Positif
"takut ke 5.800 beneran gak sih tuh? kemrn udh gila2an, masa hr ini juga",Positif
"Membalas : mungkin member sini ada yg nyangkut di BNBA om, makanya dibahas
Kalo diliat pas naiknya itu banyak yang ngomongin sih disini, mungkin iya ada yang nyangkut",Positif
"Membalas : Pak kl misal kita terjebak di saham ARB berhari2 gmn cara keluar terbaik? Mksdnya kita bs mendahului antrian bandar untuk keluar
jauh sebelum opening pasang jualnya dari malam, sisanya berdoa aja semoga ada yang beli  ",Positif
TT langsung ARa,Positif
"Membalas : Photo
buset jantungnya kuat? dari arb jd ara",Positif
"Congrats yg punya era... ARA hari ini
Ini adalah foto",Positif
Ikan sesi 2 ara   ,Positif
"candle volume W2 Cent  lebih tinggi dari candle pertama, candle Volume W3 nya harus lebih tinggi ya untuk SSP nya??",Positif
ERAA jgn ketinggalan kereta :rocket::rocket:,Positif
"Membalas : saya baru sadar hari ini volumenya lumayan besar juga ya
Tanda"" pak, harganya turun tapi volume beli naik ",Positif
"Membalas : Deviden BBCA Final: Rp 530 / lembar Adjustment: Dikurang deviden interim Rp 98 di 22 Desember 2020 Sisa: Rp 432 / lembar Cum d
wow naik 2x dr thn lalu ya",Positif
"Deviden BBCA
Final: Rp 530 / lembar 
Adjustment: Dikurang deviden interim Rp 98 di 22 Desember 2020
Sisa: Rp 432 / lembar

Cum date: 5 April 2021
Ex Date: 6 April 2021
Rec Date: 7 April 2021
Payment Date: 28 April 2021",Positif
"Membalas : Betul pak , pas di fibonacci 0,618 
Perusahaan clover beli diharga 262 pak, jadi kalo jebol di 260 udah ga menarik lagi ",Positif
"Membalas : CENT ke 250 aja lbh menarik
170 lg boleh tak  ",Positif
CENT ke 250 aja lbh menarik,Positif
"Membalas : beli di 302 ya?
buy if break 300 nya pas market jalan  ",Positif
"Membalas : CENT kira kira masih bisa naik ga ya
Semua bisa naik atau turun says yg didlm ngarepin naik sebaliknya ",Positif
Poly yuk gaes entry 72 jual besok 80,Positif
"Membalas : CENT kira kira masih bisa naik ga ya
beli di 302 ya?",Positif
CENT kira kira masih bisa naik ga ya,Positif
"Membalas : *CENT* *Clover Universal Tambah Kepemilikan di Centratama (CENT) Jadi 47,95 Persen* *_Entitas anak dari Northstar Advisors Pte
Ayo haka2 lg  ",Positif
BKSL Gassss,Positif
"Membalas : pasti happy dong minggu lalu aja pembahasan saham lain dikiranya cent  
Kli untung pasti hepi  ",Positif
"Membalas : CENT break 300 minggu ini confirm SSP
Wah CENT yang haka member the traders disini ini  ",Positif
"Membalas : Kata pakde HM kalo break 300 confirm ssp apa nunggu break ya buat avg up
""CENT break 300 minggu ini confirm SSP"", minggu ininya jangan lupa dibaca juga ya pak
missleading nanti jadinya  ",Positif
"Membalas : Makin ramai = biaya yg harus dikeluarkan bandar makin besar maka bisa merusak pola,
Betul  mngkanya jangan diomongin terus 

Ardiyan kalo break bisa cicil jngan all in, tunggu candle konfirm hari jum'at karna hitungan weekly, berhubung jum'at tanggal merah jadi hari kamis ",Positif
"Membalas : Cent masi boleh avg up gak ya?
Boleh asal tau aturan avg up",Positif
"Membalas : Kata pakde HM kalo break 300 confirm ssp apa nunggu break ya buat avg up
Minggu ini bukan hari ini, SSP weekly bukan daily
jadi confirmnya ya nanti kamis
jika mau avg up ya lebih baik saat confirm *jika alasannya pola, jika RI lain urusan",Positif
"Cent jadi rame, bukan saya yg rame in yaa   Aho    ",Positif
"Membalas : CENT break 300 minggu ini confirm SSP
Sy udh curi start duluan pak    ",Positif
"Membalas : SAME gmana ci? Masih boleh masuk?
Saya masi nawar ala emak2 di 420an kak   ",Positif
"Membalas : CENT break 300 minggu ini confirm SSP
Mantap pak de masih fullcash nunggu SSP , udah nunggu dari kemarin ",Positif
CENT break 300 minggu ini confirm SSP,Positif
"Membalas : Gd luck
siyap haka LUCK.  ",Positif
Wah cent ada repo,Positif
"Meneer #ASRI sepertinya ini valid buy y pak  
Ini adalah foto",Positif
serem antm dipagerin 559K lot   ,Positif
"Membalas : Hr ini CENT nya ngegas trs  
Saya gasss...in    ",Positif
Hr ini CENT nya ngegas trs  ,Positif
"Ga da plan trading, ya beli PLAN aja ",Positif
"Membalas : https://www.cnbcindonesia.com/market/20210316115228-17-230456/lunasi-repo-trimegah-sekuritas-lepas-saham-cent-rp-398-m
Cent ini rumournya dibeli Digital colony",Positif
"Bbri deviden rp. 98.9 eeuuyyy
Ini adalah foto",Positif
"Membalas : CENT RI kapan ya? Udah ada tanggal nya kah?
Belom ada tanggalnya, lagi dikerek tu, paling sebentar lagi keluar tanggal RI nya  ",Positif
WIIM ciamik tenan,Positif
"Caution! 
CENT is the buyer for ISAT 4k tower, heard buying at around USD740mn. This is a very good pricing as we are expecting at around USD570-600mn tower sales value.

+ Positive for ISAT as it strengthens the balance sheet and ample of capital for future spectrum acquisition/capex

+ CENT announced their plan for RI, targeting to issue 34bn shares",Positif
"Membalas : CENT nya jgn lupa  
BO kayaknya",Positif
"Berusaha mengakhiri fase downtrend, hr ini BRPT mencoba menembus level psikologis 1.000.

Recommendation: Spec BUY
Target Price I: 1.120
Target Price II: 1.225
Stop Loss: < 930

Disclaimer


Credit: @quantumresearch_idx
Ini adalah foto",Positif
ASSA terbang lg yuk  ,Positif
Wood jpfa main haka,Positif
"Membalas : Essa ada isu apa
Harga amonia naik trs makanya ESSA ngegas tiap hr",Positif
"Dmmx naik tapi tidak dengan volume besar, berarti pola htf nya gagal ya?     ",Positif
"Membalas : BBTN rebound ga si hrusnya gais?
Kemungkinan iya",Positif
"Membalas : https://ekonomi.bisnis.com/read/20210327/257/1373282/cukai-batal-naik-produsen-rokok-kretek-tangan-bernapas-lega#.YF63BZSm09Q.wh
Hmsp bagus ya pak billy karna cukai dibatalkan?",Positif
"Membalas : besok ijo tebel
Bukan masalh ijonya.,tpi trnsaksinya ,.ihsg ijo tpi emiten bluechip dll pda kebakar   ",Negatif
"Membalas : IHSG ijo kok transaksi miskin sekali ya.,,apakah bandar lgi rombongan ziarah religi ???
bandarnya dikrangkeng, ga bisa goreng POSA, MYRX, TRAM, JGLE",Negatif
"IHSG ijo kok transaksi miskin sekali ya.,,apakah bandar lgi rombongan ziarah religi ???  ",Negatif
"Membalas : ERAA road to 3000 semoga semesta mendukung  
Sayangnya semesta gak mendukung   ",Negatif
"Membalas : Bnba dikunci ARB yg kunci bandar?
dibalik aja... liat harga kaya gitu ritel berani masuk kah?",Negatif
"Membalas : Photo
Bnba dikunci ARB yg kunci bandar?",Negatif
"Membalas : pernah coba tapi gagal,krna di setiap jam buka langgsung d ARB, jadinya nyangkut terus
pasangnya harga arb juga... nanti ketika ga dikunci langsung lepas sendiri...
sementara ketika masih dikunci sih ya pasti belon bisa wong ga ada yang buyernya",Negatif
"Membalas : yes
pernah coba tapi  gagal,krna di setiap jam buka langgsung d ARB, jadinya nyangkut terus",Negatif
Gak terlalu meyakinkan buat saya sih,Negatif
"Membalas : Market tidak ada yang tahu pak, tidak semua RI bakalan sukses dan bagus, harusnya tetap berjaga2 ... saya lihat dari awal Maret
Kacau, memang sedikit sekali maya ini total lot harian perdagangannya,

Liat arto RI kemaren, saat ex date, kencengnya bukan main",Negatif
"Ada yang bisa jelaskan kenapa bank mayapada arb berjilid2 pasca 3 hari cum date RI?

Padahal pas sentimen bank mini terbang, mayapada saya liat kalem2 aja ga ikutan terbang, tetap kisaran 7000'an, lalu tujuan RI juga untuk ekspansi bisnis, tapi kenapa ARB berjilid2 ga berkesudahan ya, sudah FL hampir 53% saya   ",Negatif
"Membalas : Begitu tutup bursa, lsg masukkan order sell di harga ARB besok harinya dan berdoa bin berharap ada yang berbaik hati mau jemput
Biasa ada tuh yg beli? Kirain kondisi gini arb ngetem aja ahaha",Negatif
"Membalas : mungkin member sini ada yg nyangkut di BNBA om, makanya dibahas
Saya nyangkut pak, avg 2550 dr untung jd buntung (small portion) thanks buat bei    kalo gada acara suspend suspenan mungkin masih sempet exit sblm dibantai",Negatif
"Membalas : Olt apa yg bisa order sehari sebelumnya pak?
Sesama korban ARB, mau ikut antri  ",Negatif
"Membalas : Photo
Cuman sebatas ARA 3X pak... apa kabar yg ambil dari bawah terus jual di pucuk?",Negatif
Pak kl misal kita terjebak di saham ARB berhari2 gmn cara keluar terbaik? Mksdnya kita bs mendahului antrian bandar untuk keluar?,Negatif
"Membalas : ARB berjilid2 bgni apa nggak di suspend y? Maaf, newbie bertanya.
BEI mah cuek aja",Negatif
"Membalas : Photo
Salah Langkah, Bandarnya sadis, mau d ARB kan brp kali supaya dia puas ",Negatif
Sy kena di BBSI itu...hr trkhir sblum drop udah pasang sell di jam 15.05...ga bisa pasang...besoknya smpai hr ini ada kira2 40an % loss...untung MM nya msh aman...kalau ga amsiong itu...,Negatif
"Membalas : Supirnya mengerikan ini pak guru, sekali dihantem ga dikasih ampun
Pernah dari +10% tiba2 arb wkwk",Negatif
"Membalas : Photo
Domestik yg mst di tindak.. mreka yg td kompak mengarb kan saham hingga ihsg lemah.. tktny ad broker domestik yg jd akun asing",Negatif
"Rombongan KCL,, Korban Cut Loss  ",Negatif
"Membalas : Pakde @hmasori ada 3 sektor yg bisa dijadiin pantauan utk next week. 1. Banking 2. Properti dan konstruksi BUMN yg rata2 besok d
Sangkut brp wskt sy jg sangkut santuy itu bandar sdh habis distribusi.. tgl menunggu wkt diangkat jgn dibahas trs pak biar diam2 dinaikin saham kalau trs dibahas diarb kan bandar nnt.. bandar bertebaran di grup mana2 hati2",Negatif
Sayang amat cent nya ga close d 300 ya pak,Negatif
Ngapain beli antam 3 bulan sekali cuma orofit  11% beli ikan sehari bisa dapat 25% makasih bandar ngehayal terus    ,Negatif
Antm arb,Negatif
akhirnya antim arb wkwk,Negatif
"Membalas : Dpt harga 278 hr ini udh bagus menurut saya 
Hahaha cicil dulu 1 lot pak  rugi pun ga seberapa kalo turun di 268 ",Negatif
IHSG merah saatnya gorengan cryspy  ,Negatif
ikan tuh yg bosen liat ihsg lesu ,Negatif
Sepi amat ihsg cuma 6T  ,Negatif
"Membalas : Sdh diem yuk biar senyap dulu,biar turun dulu, nanti beli lg  
Gak bkln kash turun dibawah 278 klo pegamatan saya",Negatif
"Membalas : Betul disitu ada area suportnya , cmiww
Sdh diem yuk biar senyap dulu,biar turun dulu, nanti beli lg  ",Negatif
"Antm kemarin terbangin indeks, skrg jd beban indeks  ",Negatif
"Membalas : 224 lagi plis
ARB brp kali ini  ",Negatif
"Membalas : Photo
Hampir aja nyesel jual di 298",Negatif
Hk closing aja biar aman  ,Negatif
ihsg mulai nyungsep ,Negatif
gmana brani jalanin swf kl masi sering bom sana sini?    ,Negatif
"Membalas : Dalem banget wskt nya , untung sempet keluar dari kmrn kmrn
Saya baru keluar td di atas, skrng liat ambles dalam rasanya ingin jadi ironmen wkwkwk",Negatif
"Dalem banget wskt nya , untung sempet keluar dari kmrn kmrn  ",Negatif
wskt rugi 9T. lg dibenahi kok. tadi uda ada berita restrukturisasi. apa nanti ada berita jualan tol? restrukturisasi himbara?,Negatif
"Membalas : .... Ya mmg saya salah sih. Beli di pucuk Ga cutloss Rugi 9t wskt And swf ga ngaruh tnyt..
Cutloss wskt 9t ?",Negatif
"....  Ya mmg saya salah sih. Beli di pucuk

Ga cutloss

Rugi 9t wskt
And swf ga ngaruh tnyt..",Negatif
"Pakde @hmasori ada 3 sektor yg bisa dijadiin pantauan utk next week.
1. Banking
2. Properti dan konstruksi BUMN yg rata2 besok dapag dukungan momentum pembalik
3. Coal mining yg masih bullish...


Pak @JuthaBram 


Konstruksi  wskt break 1300 pak jutha..

Turun trus ga ada abise..

Apa ak jual saja kah

Loss gila2an.. 30% an",Negatif
"Ihsg ijoo, kok sepi yaaa, lemah lesuu",Negatif
"Membalas : Pantau KPAL
TP?",Negatif
"Membalas : ANTM saham pertama yg saya latihan untuk trading.. itu saham cocoknya 200 poin TP sekali 200 poin TP sekali.. jgn krn mau TP byk
Wkwk bner om.,ANTM dan TINS satu family.,xlo abis rally 150-200 point loyo dah
Emg pas buat celap celup  ",Negatif
"permintaan saya mudah, jangan mampir ke cent ataupun wiim ya udah gitu aja",Negatif
"Membalas : Ga punya pasangan om, sendirian dari dulu 
sudah TP gjtl ckkckckck",Negatif
"Membalas : Dmmx naik tapi tidak dengan volume besar, berarti pola htf nya gagal ya?     
Minggu ini harus breakout kalo tidak bisa berarti pola HTF gaga  ",Negatif
Ada yg tau kenapa bbca downtrend ? Kira2 suport terdekat dmn ya?,Negatif
"Membalas : Wah sabotase ?
Pure bencana",Negatif
"Membalas : Lha kan kemarin sudah janji sama bu Nana  
Trimakasi Meneer saya baru sampe rmh, besok pagi baru bisa baca lbh detail, 

slamat malam dan beristirahat",Negatif
"Membalas : Jangan dulu kak, seminggu lagi lah ditahan dulu ...   
CENT dluan ya yg ath ",Positif
"Membalas : Saya tetap di saham dulu kak, belum 1 tahun, masi bayi merangkak ini, mau nekunin disini dulu saja
SAME menuju ATH ci  
Semoga breakout pekan ini  @RuiAuxilia
",Positif
"Membalas : Besok kira"" msh rme hunter dividen g ya.,PTBA rups.,  
Ptba biasanya dividennya lumayan",Positif
ntar bbca tanda2 reversal baru rame lagi,Positif
"Besok kira"" msh rme hunter dividen g ya.,PTBA rups.,  ",Positif
"Membalas :   Semoga besok rebound kenceng ya Bu....
Harus tuh, gila bener market d sini kalo gak rebon",Positif
"Membalas : Jujur saya juga buta bgt karena ga mau belajar.. Padahal bos saya dlu beli BTC waktu masih 12 jutaan via bank BCA dlu ga tau gmn
Ebusett,, skrg uda brp itu ya   tapi klo liat cuannya ya gtu bukan ratusan % lagi 3 Bln bisa ribuan %",Positif
"Membalas : Lihat dr chart sebelum ada isu gabung gojek saja sudah kliatan pak. Emiten begitu tapi ajib gorengnya dari 200- 5000 bolak balik
Tiap taun ada aja ya yg mega cuan ya pak seblum arto dulu ada tcpi yg joss juga dari 100an ke 8000  ",Positif
"Membalas : ARTO itu ada yg serap RI di 138
Lihat dr chart sebelum ada isu gabung gojek saja sudah kliatan pak. Emiten begitu tapi ajib gorengnya dari 200- 5000 bolak balik. 
",Positif
"ARTO itu ada yg serap RI di 138
Mereka yg skrg bandarin",Positif
"Saya hanya bilang aja kalau sebentar lagi meroket ngajak cuan bareng  ,

Kalau BBRI jebol 3.960 stop los aja ",Positif
"Investor retail mari kita serok ,mau bagi deviden",Positif
"Membalas : CENT dluan ya yg ath 
Besok turun dulu ya om 
",Negatif
"Membalas : Nah itu, tar kayak dmas, dalem jatuhnya. Tp itmg terakhir dividen yg lalu ga dibanting.
Iya itmg ga kebanting banget tapi kalau ptba langganannya kebanting saat ex date",Negatif
"Membalas : Tapi setiap bagi dividen, koreksinya lumayan juga jadi entrynya mesti bener tapi kalau memang tujuannya invest atau minimal hold
Nah itu, tar kayak dmas, dalem jatuhnya. Tp itmg terakhir dividen yg lalu ga dibanting.",Negatif
arb lgsg ini grup   kayak bri dikepret agro kmrn  ,Negatif
"Membalas : Crypto = gorengan 24jam Yg arb 7% aja ga kuat, jgn harap bisa bobo kl main crypto. Taunya pas bobo diguyur aja hmmmm
Nah, tadi pagi dibanting abis.. untung malemnya udah tp",Negatif
"Crypto = gorengan 24jam
Yg arb 7% aja ga kuat, jgn harap bisa bobo kl main crypto. Taunya pas bobo diguyur aja hmmmm",Negatif
"Membalas : Tergantung merknya pak  
Kalau UNVR bandarnya main short sell terus...  ",Negatif
Saatnya pindahin uang ke rdpu dan waktunya liburan sambil investasi leher keatas lagi  ,Positif
"Membalas : KONTAN.CO.ID - JAKARTA. PT Bukit Asam Tbk (PTBA) memutuskan akan membagikan dividen sebesar Rp 835 miliar. Jumlah ini setara 35%
lgs kabur pindah ITMG  ",Positif
"Membalas : ga usa buru2..tutup aja smua gap dlo sampai yg plg bawah     duit iseng2 taro koin dlo..
Coin mana coin?  Lagi hot topic ",Positif
Pakde @hmasori apakah right issue SMRA akan bernasib baik seperti SAME ? Share sedikit insight nya Pak... ,Positif
Kelamaan pindah ke yg laen aj bsde udh mulai akum,Positif
"SMRA mau right issue, gimana pendapat para suhu? Menarik kah ditengah keringnya IHSG?
Ini adalah foto",Positif
"Membalas : https://investasi.kontan.co.id/news/rugi-bersih-sarana-meditama-metropolitan-same-naik-jadi-rp-449-miliar-di-2020
Q4 nya malah laba lho pakdhe


Omset meningkat..

Q1 s.d Q3 ngga usah dilihat soalnha kan masih manajemen lama wkwkw",Positif
"Membalas : Bisa ndelosor lagi nihh, volume nya biasanya diatas 15T hari ini cuma 8T.
gimana gak lari ke koin.., satu koin tier 2 aja sehari value transaksi nya bisa 16 Trilyun  ",Positif
Smua ke koin haha,Positif
"Membalas : anak pungut, pak   suka dibedain sama bandar
Bandarnya cash out jg mungkin pak migrasi ke coin jg 
Membalas : hari ini tetangga ijo loh  
Rumput tetangga lebih hijau dan lebat pak carik ",Positif
ICBP PTBA PGAS masih murah2.,Positif
"LPPF kalau berhasil break ema50
Ini adalah foto",Positif
"Bjbr, bjtm kalau mau invest oke Pak.. Dlu sy juga nyangkut waktu crash dan bs balik + dividen yg lumayan.. Utk unvr cons good sy lbh oke SIDO.. hmsp ini yg berat.. Maybe kalau ada perubahan uandang2 ttg cukai rokok ada titik terang nya.. Sisa nya gak bs komen pak, krn blm pernah",Positif
ayo om pillay.. ara kan mppa nya spy cepet balik piutang nya jg dah deket puasa bakal rame pengunjung matahari nya    ,Positif
"Pintar ya EMTK, habis akuisisi SAME dipakai buat cari modal untuk jual EMC punya dia... keren abis eksekusinya.
Cek aja modal dia keluar berapa dan dapatnya berapa dlm bentuk aset maupun market cap",Positif
"Membalas : Benhan itu SAME sdh keluar info mau RI lagi, hayuk2 rapatkan barisan, kita diskusi lagi
loh iya ya? wah coba ikutan ah kali ini, kemarin2 cuma buat swing trade aja di SAME  ",Positif
"Benhan itu SAME sdh keluar info mau RI lagi, hayuk2 rapatkan barisan, kita diskusi lagi   
",Positif
"Membalas : Bbri bole serok suhu?  
Supportnya klo di fibo saya 4150, Resistnya 4270",Positif
Bbri bole serok suhu?  ,Positif
"Membalas : Liat di ipot hari ini sih cum date nya, sudah ada nominal nya juga
Wah, terima kasih infonya, saya bbri brusan beli kmaren jumat gtw klo hri ini cumdatenya",Positif
"Membalas : Oiya bbri cumdate hri ini?
Liat di ipot hari ini sih cum date nya, sudah ada nominal nya juga",Positif
Oiya bbri cumdate hri ini?,Positif
wskt td pas minus 4 persen yp msh dikit banget. Pas mulai minus 5/6 persen tiba2 yp langsung diatas 10 m. Nih bolpen pa siapa ya.,Positif
"Membalas : WSKT udah avg down bbrp kali smpe 30% dr total porto...biasanya 1saham 10% dr porsi total...skrg minus 17%     ancur2an wskt...
Sabar dikit lagi WSKT   Angka 1055 ini bagus untuk diperhatikan. Moga moga ga nembus ke bawahnya.",Positif
sudah rapat kan itmg hari ini,Positif
"Membalas : Banyak pengungsi dari PTBA pak 
Oalahh pantesan ITMG lancar laju nya  ",Positif
"Membalas : ITMG tumben nih   
Banyak pengungsi dari PTBA pak ",Positif
ITMG tumben nih   ,Positif
"PTBA dividen sekitar 72.45 perak
Dividen payout ratio 35%
Yield sekitar 2.7%

maish belum fix yah",Positif
itmg kok beraksi sendirian dari grup coal? ada news apa ya?,Positif
"Membalas : buset ptba nya dibuang2 divnya jelek paling
Gpp, ntar juga naek lagi Q3-4 sesuai harga coal, hehe",Positif
WSKT kenangan masa lalu. Sempet 100% lebih awal tahun.  Biarkan jadi kenangan indah  ,Positif
ITMG diam2 to the moon  ,Positif
Sepertinya EXCL mau mulai terbang..... Guys........ YU sudah akum seminggu..... beli terus...,Positif
Mari same essa opms naiknya signifikan bgt ya om,Positif
MLPL FLY THE MOON,Positif
"Membalas : Om om disini saya masih 17 tahun, mau nanya boleh ga om?
Prospek tfas gmna ya om? Dulu beli tfas di 600an alhamdulillah naik smpe skrng, cmn masi bingung. Gmna prospeknya, cuman baca berita bgini begitu  ",Positif
Ntah kenapa setiap mau mencet buy tp kalo bbri lewat itu hati jadi deg2 an,Positif
"Membalas : Bandar ihsg gocekan nya serem, alhasil pada pindah ke koin2an?
Iya. Gocekan bandar ihsg bkin mules.  trading di koin enak. Murni TA. Bru 30 mnt cuan 20% di koin",Positif
"Bursa asia sama eropa beberapa libur, kang copet pd maen koin semua ini, banyak koin yg all time high :rocket:

Meanwhile ihsg : :money_with_wings:",Negatif
Itmg juga kecil pak di bawah 1% ,Negatif
"Membalas : SMRA di antara emiten property yg laen lg d distribusi udh 5 harian ga tau knp, semoga bsok stop distribusi -_-
Distribusi lagi dong masih mau nawar lebih murah lagi wkwkwk",Negatif
"SMRA di antara emiten property yg laen lg d distribusi udh 5 harian ga tau knp, semoga bsok stop distribusi -_-",Negatif
"WSKT, PTPP mau kemana ini? After Gentlement talk malah loyo",Negatif
sekarang saham2 blue chip lagi pada downtrend semua. saya kurang tau penyebabnya,Negatif
"Membalas : Iya saya juga sempat baca, jika mau invest harus pilih saham, untuk apa invest jangka panjang jika profit yg didapat tidak seban
Pbv nya unvr udah ketinggian. Susah buat naek lg. Alihin yg lain aja.
Kondisi market begini jgn dilawan, makin trading malah makin boncos nanti",Negatif
"Ihsg oohh ihsg saya tidak kuat mental, barusan saya CL dmmx di 430",Negatif
"Membalas : Waduh @DapurEka saya berharap kondisi cepat pulih Tp menurut sya kalo seandainya worst case butuh waktu 2 tahun utk balikin mod
Tidak ada yg tau nasib kedepan seperti apa, saya pun juga tidak tau bagaimana dunia persahaman karena baru join 2021, maka dari itu saya bertanya adakah masukan dari para senior di dunia persahaman jika menggunakan uang dingin + memiliki saham yg minusnya sudah dalam, apakah untuk dijadikan investasi jangka panjang akan baik

Untuk UNVR sendiri meski minus sudah dalam memang tidak ada pikiran untuk CL, karena saham bluechip jadi lebih aman untuk investasi jangka panjang. Hanya saja saya khawatir dengan TINS",Negatif
"Tins lapkeu jelek, yg punya hati2, lapkeu jelek pada diturunin",Negatif
"Membalas : Photo
kalo trading beli di pucuk baru jual sekarang boncosnya gede, kalo invest juga fundamentalnya wskt ancur  ",Negatif
"Membalas : Photo
Lha tp uda dibilang kmrn2 kan di sini
Realisasi SWF jelek, out
Makanya ini alasan analisa fundamental aliran kaca spion suka kalah pas angka di laporan keuangan bagus semua harganya udah sampe langit",Negatif
Ini tp wkr lapkeu kluar jg kalau ga slh dr akuntan yg audit jg mempertanyakan kelangsungan usaha dr wskt...soalny amburadul parah,Negatif
"Membalas : WSKT udah avg down bbrp kali smpe 30% dr total porto...biasanya 1saham 10% dr porsi total...skrg minus 17%     ancur2an wskt...
Ke makan swf dlu skrg -39%",Negatif
WSKT udah avg down bbrp kali smpe 30% dr total porto...biasanya 1saham 10% dr porsi total...skrg minus 17%     ancur2an wskt...,Negatif
"Membalas : Sy -30% . Mau CL gimana, gak CL serasa di iris   
Samaaaa   tar kuat turun sampe brp ni wskt...baru benerin porto, untung dr awal ga prnh average down",Negatif
"Membalas : PTBA dividen sekitar 72.45 perak Dividen payout ratio 35% Yield sekitar 2.7% maish belum fix yah
Pantesan merah lumayan",Negatif
BBRI cum date dividen hari ini tapi malah dibuang ya  ,Negatif
"DPR PTBA tahun ini ternyata anjlok jadi hanya 35%, dividennya hanya sekitar Rp 72/lembar dan itu berarti dividen yieldnya hanya sekitar 2,7%.  

Mungkin bandar udah tau info ini jauh lebih dulu yaa, makanya dia distribusi terus.  
Ini adalah foto",Negatif
"Membalas : PTBA pun digebuki?
kecil dividendnya menurut rumor",Negatif
PTBA pun digebuki?,Negatif
buset ptba nya dibuang2 divnya jelek paling,Negatif
"FILM dibuka hampir ARA, tetapi sekarang menuju ARB  begitulah nasibnya kalo ada si VVIP tukang guyur  ",Negatif
"buat yg punya WSKT hati"". konstruksi BUMN yg paling ancur. rugi 7T itu benar adanya. di lapangan byk proyek yg mangkrak dan gaji pernah telat 2 minggu #infolapangan",Negatif
WIKA yang terlihat strong kemarin ikut kebantai hari ini. Gapunya barang di konstruksi sih tp tega bgt ini bandarnya guyur   semoga yg didalem diberikan kesabaran,Negatif
pindahkan ptpp sm wskt ke bursa crypto aja    ,Negatif
"Membalas : Cent ga jebol"" 300 ya om
Sdh saatnya turun dulu, kemarin2 dikasih naik trs tiap hr, skrg dy lg istirahat dulu  ",Negatif
PTPP WSKT masuk kubur,Negatif
PTPP WSKT masuk kandang,Negatif
"Membalas : Sedih bgt liat wskt   
Ga kuat naik dh -24% sy  ",Negatif
Sedih bgt liat wskt   ,Negatif
"Kan sdh sy warning film kmarin hti2 blm ad distribusi situ yg nafsuan salah sndri jgn salahkan pom2.lg ya...tu bakal di arb 50% dr harga high..

Klo ga tau cra masuk dan keluar ga ush ikt2 deh nnt dah nyangkut bru sibuk..

Klo saya si sambil ngopi sambil nonton dan nunggu bgitu ihsg stabil fil kembali ke angka 300an.. /250 baru sy pertimbangkan",Negatif
apakah wskt arb lagi?,Negatif
Film dibanting,Negatif
BBRI confirm dotop?,Negatif
BBRI buangan belum selesai,Negatif
"Membalas : Iya. Gocekan bandar ihsg bkin mules. trading di koin enak. Murni TA. Bru 30 mnt cuan 20% di koin
Banyak yg bilang gocekan bandar. Padahal bandar ga gocek apa2. Kemaren2 turun murni karena bandar withdraw fund buat taro di koin  ",Negatif
"Membalas : Ga masuk akal itu Bank Net, ipo harga 135
Next TCPI itu bisa dibawa 8000an :ghost: ",Positif
Ada yang bilang ZBRA back dor listing? Gimna prospeknya?,Positif
"Membalas : Klo yg Ara itu hati2 main jorok pasti ujung2nya Arb ini cent sekali pun blm pernh Ara msin nya slow tp pasti
Hahaha betul pak justru yang ARA tanpa koreksi itu bahaya ",Positif
"Membalas : Masa ihsg merah ini ijo, semoga kalo indeks ijo ini masih tebel ijo
Justru itu makin tebel ijonya cent       
Semoga kyk arto 4x.lipat ",Positif
"Membalas : Hajar terus bursa klo sinyal bilg untung  
Masa ihsg merah ini ijo, semoga kalo indeks ijo ini masih tebel ijo ",Positif
Bank hebaty,Positif
"Membalas : CENT perjalanan masih panjang, TP terus masuk lagi juga bisa jadi strategi valid. Saya tadi TP sebagian di 290 dan mungkin besok
    mantul pak benhan memang si CENT ini saya buat jangka menengah  dari kemaren tektokan disitu aja saya tutup porto ijo merah"" merah , tapi masih cuan",Positif
"Membalas : Saya lepas kalo jebol situ pak eh ternyata di tarik balik , dari minus jadi ijo lagi, tapi untungnya di buat nutupin saham la
CENT perjalanan masih panjang, TP terus masuk lagi juga bisa jadi strategi valid. Saya tadi TP sebagian di 290 dan mungkin besok masuk lagi kalau pullback",Positif
"Membalas : Hahaha pak faliq juga ikutan , cent penyelamat porto 
Bener pembalikan dari rugi jd untung ",Positif
"Membalas : Ayuk tak temenin, meskipun avg bawah tapi diayun2 sedep juga ya
Hahaha pak faliq juga ikutan , cent penyelamat porto ",Positif
"Membalas : Sama , swing aku om target masih jauh, sambil nunggu corporate action cent
Ayuk tak temenin, meskipun avg bawah tapi diayun2 sedep juga ya  ",Positif
"Membalas : Ijo atau merah om , CENT ku masih ijo nih 
Ijo tunggu besok lebh ijo lg  ",Positif
"Ijo atau merah om , CENT ku masih ijo nih ",Positif
"Mantap banget nih Vibration Law-nya Mas @JuthaBram  
Membalas : Photo
Saudaranya ASSA panen besar hari ini. Besok giliran ESSA?",Positif
"Membalas : pantesan buy wmuu di harga terakhir sblum penutupan, td ga ada yg nyambar
Brati mau naik tu om, biasanya lho ya..., saya gak amati soalnya. Tapi kalo langsung sketika bunyi clangg dan masuk, sudah dipastikan besok turun hihi",Positif
Pyfa mulai naik di penutupan sesi,Positif
MARI sepertinya mau menembuss ath nyaa,Positif
"Membalas : Berarti (semoga) balik ke pola symmetrical triangles #target 9 april break 6231 ihsg
Smoga april bullish pak ",Positif
"Membalas : iya pak betul, sejauh ini sih CL terus  
padahal di CENT bisa cuan terus kalau entrynya bener pak",Positif
":rocket::rocket::rocket::rocket::rocket::rocket::rocket: Adhi, wege, dll cekidot",Positif
"PYFA mulai dipantau
",Positif
"Abba sdh ara 
Apakah MARI menyusul pak?",Positif
ABBA kenapa ya bisa terbang,Positif
"Membalas : BCAP kanan kiri EP
biasa ep akum, ntar tau2 ARA or ARB biasanya gitu, tp seringnya terbang sih",Positif
"Membalas : BCAP kanan kiri EP
BCAP lagi di akum, siap' terbang",Positif
Masih mending PTBA dong dividennya,Positif
"ITMG dividen per lembar Rp.411, dividen interim Rp.307 sisanya dibagikan Rp.104

Cum : 15Apr
ExDate : 16Apr",Positif
Wskt boleh mulai serok y?,Positif
"Membalas : Hallo, klo ADHI gimana ya bang pencerahannya
500 bru serok
",Positif
"Membalas : Gpp klo nurut says selama masih dibawa 300 mash aman pak kecuali jeblok
   ntar dah deket cumdate jd 600 an 
kan spt makin jelas om Patrick msh sdg proses akum yg dr public...  ",Positif
"deviden bjbr 95,74,, yield 6,1% dari harga skrg,, naik dari taun kemaren,
Ini adalah foto
",Positif
"Bbni mulai lmyn tinggi, bmri smga selanjutnya",Positif
"Membalas : @wealth88 pak, akhirnya DMMXnya membuahkan hasil :) party doong
Saya jual di 430 makanya dia terbang pak    pegang cash 100% sekarang",Positif
Assa udah tp  ,Positif
Pyfa dilirik,Positif
dmmx d lirik  ,Positif
PYFA menarik,Positif
ath assa  ,Positif
mina sebelum ara,Positif
Welcome assa 2000,Positif
Assa dikit lg 2000,Positif
mina mau ara,Positif
waah klo gitu berarti bisa dimasukkan daftar nih WIKA.. tunggu candle ijo dulu laah .. ini konstruksi masih menyeramkan soalnya  ,Positif
"BBRI malah kuat sekali, padahal ex cum ya",Positif
Wskt ijo yukkkk,Positif
Wskt ayo araaaaa,Positif
Serok wsbp lumayan,Positif
"Membalas : Eh ga boleh bully IHSG terus , semoga semsta mendukung hari ini IHSG rebound keceng
semoga bbri mendukung   ",Positif
"Akra ath nya masih jauh ternyata
Ini adalah foto
",Positif
Ga sekalian nyalahin miss EM yang bilang Agro Agro Agro tapi turun  ,Negatif
"Membalas : 2-3 ARB lagi lah ya https://www.tradingview.com/x/Ee9c4u2Y/
10 kali arb baru dapet uma,trus akhir maret ada transaksi nambah 9 hari lagi arbnya ",Negatif
"Membalas : Amit2. 13x ARB tanpa UMA  
Jelas beda  BNBA ARA juga tanpa konsolidasi , bahaya ",Negatif
"Membalas : Iyak pak asal jngan kayak BNBA  , setalh naik pesat dihajar  
Amit2. 13x ARB tanpa UMA  ",Negatif
BNBA arb 13x,Negatif
"Membalas : Semoga kyk arto 4x.lipat 
Iyak pak asal jngan kayak BNBA  , setalh naik pesat dihajar  ",Negatif
Same di haki terus ya bund MS duitnya di bid ga abis2  ,Negatif
apakah WSKT pulang ke 3 digit?,Negatif
Film mau arb pada take propit,Negatif
Sayonara MPPA  ,Negatif
udah tidur dong wskt.. ,Negatif
WSKT langsung arb,Negatif
